-- phpMyAdmin SQL Dump
-- version 5.2.1
-- https://www.phpmyadmin.net/
--
-- Máy chủ: 127.0.0.1
-- Thời gian đã tạo: Th12 22, 2024 lúc 08:17 PM
-- Phiên bản máy phục vụ: 10.4.32-MariaDB
-- Phiên bản PHP: 8.2.12

SET SQL_MODE = "NO_AUTO_VALUE_ON_ZERO";
START TRANSACTION;
SET time_zone = "+00:00";


/*!40101 SET @OLD_CHARACTER_SET_CLIENT=@@CHARACTER_SET_CLIENT */;
/*!40101 SET @OLD_CHARACTER_SET_RESULTS=@@CHARACTER_SET_RESULTS */;
/*!40101 SET @OLD_COLLATION_CONNECTION=@@COLLATION_CONNECTION */;
/*!40101 SET NAMES utf8mb4 */;

--
-- Cơ sở dữ liệu: `shanksdsnitch`
--

-- --------------------------------------------------------

--
-- Cấu trúc bảng cho bảng `chitiethoadon`
--

CREATE TABLE `chitiethoadon` (
  `ID` int(11) NOT NULL,
  `ID_HoaDon` int(11) DEFAULT NULL,
  `ID_GheAndSuatChieu` int(11) DEFAULT NULL,
  `TrangThaiChiTietHoaDon` int(11) DEFAULT NULL,
  `GiaTien` decimal(18,2) NOT NULL
) ENGINE=InnoDB DEFAULT CHARSET=utf8mb4 COLLATE=utf8mb4_general_ci;

--
-- Đang đổ dữ liệu cho bảng `chitiethoadon`
--

INSERT INTO `chitiethoadon` (`ID`, `ID_HoaDon`, `ID_GheAndSuatChieu`, `TrangThaiChiTietHoaDon`, `GiaTien`) VALUES
(131, 110, 3048, 0, 1000.00),
(132, 111, 3046, 0, 1000.00),
(133, 112, 3047, 0, 1000.00),
(134, 112, 3056, 0, 1000.00),
(135, 113, 3806, 0, 1000.00),
(136, 113, 3816, 0, 1000.00),
(137, 114, 3808, 0, 1000.00),
(138, 114, 3818, 0, 1000.00),
(139, 115, 3806, 0, 1000.00),
(140, 115, 3816, 0, 1000.00),
(141, 116, 3807, 0, 1000.00),
(142, 116, 3817, 0, 1000.00),
(143, 117, 3808, 0, 1000.00),
(144, 117, 3818, 0, 1000.00),
(145, 118, 3809, 0, 1000.00),
(146, 118, 3819, 0, 1000.00),
(147, 119, 3810, 0, 1000.00),
(148, 119, 3820, 0, 1000.00),
(149, 120, 3806, 0, 1000.00),
(150, 120, 3816, 0, 1000.00),
(151, 121, 3808, 0, 1000.00),
(152, 121, 3818, 0, 1000.00),
(153, 122, 3809, 0, 1000.00),
(154, 122, 3819, 0, 1000.00),
(155, 123, 3810, 0, 1000.00),
(156, 123, 3820, 0, 1000.00),
(157, 124, 3808, 0, 1000.00),
(158, 124, 3818, 0, 1000.00),
(159, 125, 3811, 0, 1000.00),
(160, 125, 3821, 0, 1000.00),
(161, 126, 3812, 0, 1000.00),
(162, 126, 3822, 0, 1000.00),
(163, 127, 3808, 0, 1000.00),
(164, 127, 3818, 0, 1000.00),
(165, 128, 3806, 0, 1000.00),
(166, 128, 3816, 0, 1000.00),
(167, 129, 3807, 0, 1000.00),
(168, 129, 3817, 0, 1000.00),
(169, 130, 3808, 0, 1000.00),
(170, 130, 3818, 0, 1000.00);

-- --------------------------------------------------------

--
-- Cấu trúc bảng cho bảng `danhsachhoanve`
--

CREATE TABLE `danhsachhoanve` (
  `ID` int(11) NOT NULL,
  `MaHoanVe` varchar(50) GENERATED ALWAYS AS (concat('HV',`ID`)) VIRTUAL,
  `ID_HoaDon` int(11) NOT NULL,
  `ThoiGianHoanVe` datetime NOT NULL,
  `LyDoHoanVe` varchar(50) DEFAULT NULL,
  `TrangthaiHoanVe` tinyint(4) NOT NULL
) ENGINE=InnoDB DEFAULT CHARSET=utf8mb4 COLLATE=utf8mb4_general_ci;

-- --------------------------------------------------------

--
-- Cấu trúc bảng cho bảng `danhsachtlphim`
--

CREATE TABLE `danhsachtlphim` (
  `ID` int(11) NOT NULL,
  `ID_Phim` int(11) DEFAULT NULL,
  `ID_TLPhim` int(11) DEFAULT NULL,
  `TrangThai` int(11) DEFAULT NULL
) ENGINE=InnoDB DEFAULT CHARSET=utf8mb4 COLLATE=utf8mb4_general_ci;

--
-- Đang đổ dữ liệu cho bảng `danhsachtlphim`
--

INSERT INTO `danhsachtlphim` (`ID`, `ID_Phim`, `ID_TLPhim`, `TrangThai`) VALUES
(23, 9, 2, 1),
(24, 9, 4, 1),
(27, 10, 2, 1),
(28, 10, 4, 1),
(39, 2, 2, 1),
(40, 3, 3, 1),
(41, 3, 6, 1),
(42, 4, 2, 1),
(43, 5, 4, 1),
(44, 5, 5, 1),
(45, 6, 3, 1),
(46, 7, 4, 1),
(47, 7, 5, 1),
(48, 8, 2, 1),
(49, 8, 5, 1),
(50, 44, 2, 1),
(51, 44, 5, 1),
(52, 44, 4, 1),
(53, 45, 3, 1),
(59, 48, 4, 1),
(60, 48, 5, 1),
(61, 46, 6, 1),
(62, 47, 5, 1),
(63, 47, 4, 1),
(65, 49, 1, 1),
(66, 49, 2, 1),
(72, 1, 3, 1);

-- --------------------------------------------------------

--
-- Cấu trúc bảng cho bảng `dotuoi`
--

CREATE TABLE `dotuoi` (
  `ID` int(11) NOT NULL,
  `MaDoTuoi` varchar(25) DEFAULT NULL,
  `TenDoTuoi` varchar(5) DEFAULT NULL
) ENGINE=InnoDB DEFAULT CHARSET=utf8mb4 COLLATE=utf8mb4_general_ci;

--
-- Đang đổ dữ liệu cho bảng `dotuoi`
--

INSERT INTO `dotuoi` (`ID`, `MaDoTuoi`, `TenDoTuoi`) VALUES
(1, 'DT001', 'R15'),
(2, 'DT002', 'R18'),
(3, 'DT003', 'R14');

-- --------------------------------------------------------

--
-- Cấu trúc bảng cho bảng `ghe`
--

CREATE TABLE `ghe` (
  `ID` int(11) NOT NULL,
  `MaGhe` varchar(15) NOT NULL,
  `GiaTien` decimal(18,2) NOT NULL,
  `ID_PhongChieu` int(11) DEFAULT NULL,
  `TrangThaiGhe` int(11) DEFAULT NULL
) ENGINE=InnoDB DEFAULT CHARSET=utf8mb4 COLLATE=utf8mb4_general_ci;

--
-- Đang đổ dữ liệu cho bảng `ghe`
--

INSERT INTO `ghe` (`ID`, `MaGhe`, `GiaTien`, `ID_PhongChieu`, `TrangThaiGhe`) VALUES
(1, 'S1', 1000.00, 1, 0),
(2, 'S2', 1000.00, 1, 0),
(3, 'S3', 1000.00, 1, 0),
(4, 'S4', 1000.00, 1, 0),
(5, 'S5', 1000.00, 1, 0),
(6, 'S6', 1000.00, 1, 0),
(7, 'S7', 1000.00, 1, 0),
(8, 'S8', 1000.00, 1, 0),
(9, 'S9', 1000.00, 1, 0),
(10, 'S10', 1000.00, 1, 0),
(11, 'S11', 1000.00, 1, 0),
(12, 'S12', 1000.00, 1, 0),
(13, 'S13', 1000.00, 1, 0),
(14, 'S14', 1000.00, 1, 0),
(15, 'S15', 1000.00, 1, 0),
(16, 'S16', 1000.00, 1, 0),
(17, 'S17', 1000.00, 1, 0),
(18, 'S18', 1000.00, 1, 0),
(19, 'S19', 1000.00, 1, 0),
(20, 'S20', 1000.00, 1, 0),
(21, 'S21', 1000.00, 1, 0),
(22, 'S22', 1000.00, 1, 0),
(23, 'S23', 1000.00, 1, 0),
(24, 'S24', 1000.00, 1, 0),
(25, 'S25', 1000.00, 1, 0),
(26, 'S26', 1000.00, 1, 0),
(27, 'S27', 1000.00, 1, 0),
(28, 'S28', 1000.00, 1, 0),
(29, 'S29', 1000.00, 1, 0),
(30, 'S30', 1000.00, 1, 0),
(31, 'S31', 1000.00, 1, 0),
(32, 'S32', 1000.00, 1, 0),
(33, 'S33', 1000.00, 1, 0),
(34, 'S34', 1000.00, 1, 0),
(35, 'S35', 1000.00, 1, 0),
(36, 'S36', 1000.00, 1, 0),
(37, 'S37', 1000.00, 1, 0),
(38, 'S38', 1000.00, 1, 0),
(39, 'S39', 1000.00, 1, 0),
(40, 'S40', 1000.00, 1, 0),
(41, 'S41', 1000.00, 1, 0),
(42, 'S42', 1000.00, 1, 0),
(43, 'S43', 1000.00, 1, 0),
(44, 'S44', 1000.00, 1, 0),
(45, 'S45', 1000.00, 1, 0),
(46, 'S46', 1000.00, 1, 0),
(47, 'S47', 1000.00, 1, 0),
(48, 'S48', 1000.00, 1, 0),
(49, 'S49', 1000.00, 1, 0),
(50, 'S50', 1000.00, 1, 0),
(51, 'S51', 1000.00, 1, 0),
(52, 'S52', 1000.00, 1, 0),
(53, 'S53', 1000.00, 1, 0),
(54, 'S54', 1000.00, 1, 0),
(55, 'S55', 1000.00, 1, 0),
(56, 'S56', 1000.00, 1, 0),
(57, 'S57', 1000.00, 1, 0),
(58, 'S58', 1000.00, 1, 0),
(59, 'S59', 1000.00, 1, 0),
(60, 'S60', 1000.00, 1, 0),
(61, 'S1', 1000.00, 2, 0),
(62, 'S2', 1000.00, 2, 0),
(63, 'S3', 1000.00, 2, 0),
(64, 'S4', 1000.00, 2, 0),
(65, 'S5', 1000.00, 2, 0),
(66, 'S6', 1000.00, 2, 0),
(67, 'S7', 1000.00, 2, 0),
(68, 'S8', 1000.00, 2, 0),
(69, 'S9', 1000.00, 2, 0),
(70, 'S10', 1000.00, 2, 0),
(71, 'S11', 1000.00, 2, 0),
(72, 'S12', 1000.00, 2, 0),
(73, 'S13', 1000.00, 2, 0),
(74, 'S14', 1000.00, 2, 0),
(75, 'S15', 1000.00, 2, 0),
(76, 'S16', 1000.00, 2, 0),
(77, 'S17', 1000.00, 2, 0),
(78, 'S18', 1000.00, 2, 0),
(79, 'S19', 1000.00, 2, 0),
(80, 'S20', 1000.00, 2, 0),
(81, 'S21', 1000.00, 2, 0),
(82, 'S22', 1000.00, 2, 0),
(83, 'S23', 1000.00, 2, 0),
(84, 'S24', 1000.00, 2, 0),
(85, 'S25', 1000.00, 2, 0),
(86, 'S26', 1000.00, 2, 0),
(87, 'S27', 1000.00, 2, 0),
(88, 'S28', 1000.00, 2, 0),
(89, 'S29', 1000.00, 2, 0),
(90, 'S30', 1000.00, 2, 0),
(91, 'S31', 1000.00, 2, 0),
(92, 'S32', 1000.00, 2, 0),
(93, 'S33', 1000.00, 2, 0),
(94, 'S34', 1000.00, 2, 0),
(95, 'S35', 1000.00, 2, 0),
(96, 'S36', 1000.00, 2, 0),
(97, 'S37', 1000.00, 2, 0),
(98, 'S38', 1000.00, 2, 0),
(99, 'S39', 1000.00, 2, 0),
(100, 'S40', 1000.00, 2, 0),
(101, 'S41', 1000.00, 2, 0),
(102, 'S42', 1000.00, 2, 0),
(103, 'S43', 1000.00, 2, 0),
(104, 'S44', 1000.00, 2, 0),
(105, 'S45', 1000.00, 2, 0),
(106, 'S46', 1000.00, 2, 0),
(107, 'S47', 1000.00, 2, 0),
(108, 'S48', 1000.00, 2, 0),
(109, 'S49', 1000.00, 2, 0),
(110, 'S50', 1000.00, 2, 0),
(111, 'S51', 1000.00, 2, 0),
(112, 'S52', 1000.00, 2, 0),
(113, 'S53', 1000.00, 2, 0),
(114, 'S54', 1000.00, 2, 0),
(115, 'S55', 1000.00, 2, 0),
(116, 'S56', 1000.00, 2, 0),
(117, 'S57', 1000.00, 2, 0),
(118, 'S58', 1000.00, 2, 0),
(119, 'S59', 1000.00, 2, 0),
(120, 'S60', 1000.00, 2, 0),
(121, 'S1', 1000.00, 3, 0),
(122, 'S2', 1000.00, 3, 0),
(123, 'S3', 1000.00, 3, 0),
(124, 'S4', 1000.00, 3, 0),
(125, 'S5', 1000.00, 3, 0),
(126, 'S6', 1000.00, 3, 0),
(127, 'S7', 1000.00, 3, 0),
(128, 'S8', 1000.00, 3, 0),
(129, 'S9', 1000.00, 3, 0),
(130, 'S10', 1000.00, 3, 0),
(131, 'S11', 1000.00, 3, 0),
(132, 'S12', 1000.00, 3, 0),
(133, 'S13', 1000.00, 3, 0),
(134, 'S14', 1000.00, 3, 0),
(135, 'S15', 1000.00, 3, 0),
(136, 'S16', 1000.00, 3, 0),
(137, 'S17', 1000.00, 3, 0),
(138, 'S18', 1000.00, 3, 0),
(139, 'S19', 1000.00, 3, 0),
(140, 'S20', 1000.00, 3, 0),
(141, 'S21', 1000.00, 3, 0),
(142, 'S22', 1000.00, 3, 0),
(143, 'S23', 1000.00, 3, 0),
(144, 'S24', 1000.00, 3, 0),
(145, 'S25', 1000.00, 3, 0),
(146, 'S26', 1000.00, 3, 0),
(147, 'S27', 1000.00, 3, 0),
(148, 'S28', 1000.00, 3, 0),
(149, 'S29', 1000.00, 3, 0),
(150, 'S30', 1000.00, 3, 0),
(151, 'S31', 1000.00, 3, 0),
(152, 'S32', 1000.00, 3, 0),
(153, 'S33', 1000.00, 3, 0),
(154, 'S34', 1000.00, 3, 0),
(155, 'S35', 1000.00, 3, 0),
(156, 'S36', 1000.00, 3, 0),
(157, 'S37', 1000.00, 3, 0),
(158, 'S38', 1000.00, 3, 0),
(159, 'S39', 1000.00, 3, 0),
(160, 'S40', 1000.00, 3, 0),
(161, 'S41', 1000.00, 3, 0),
(162, 'S42', 1000.00, 3, 0),
(163, 'S43', 1000.00, 3, 0),
(164, 'S44', 1000.00, 3, 0),
(165, 'S45', 1000.00, 3, 0),
(166, 'S46', 1000.00, 3, 0),
(167, 'S47', 1000.00, 3, 0),
(168, 'S48', 1000.00, 3, 0),
(169, 'S49', 1000.00, 3, 0),
(170, 'S50', 1000.00, 3, 0),
(171, 'S51', 1000.00, 3, 0),
(172, 'S52', 1000.00, 3, 0),
(173, 'S53', 1000.00, 3, 0),
(174, 'S54', 1000.00, 3, 0),
(175, 'S55', 1000.00, 3, 0),
(176, 'S56', 1000.00, 3, 0),
(177, 'S57', 1000.00, 3, 0),
(178, 'S58', 1000.00, 3, 0),
(179, 'S59', 1000.00, 3, 0),
(180, 'S60', 1000.00, 3, 0),
(181, 'S1', 1000.00, 4, 0),
(182, 'S2', 1000.00, 4, 0),
(183, 'S3', 1000.00, 4, 0),
(184, 'S4', 1000.00, 4, 0),
(185, 'S5', 1000.00, 4, 0),
(186, 'S6', 1000.00, 4, 0),
(187, 'S7', 1000.00, 4, 0),
(188, 'S8', 1000.00, 4, 0),
(189, 'S9', 1000.00, 4, 0),
(190, 'S10', 1000.00, 4, 0),
(191, 'S11', 1000.00, 4, 0),
(192, 'S12', 1000.00, 4, 0),
(193, 'S13', 1000.00, 4, 0),
(194, 'S14', 1000.00, 4, 0),
(195, 'S15', 1000.00, 4, 0),
(196, 'S16', 1000.00, 4, 0),
(197, 'S17', 1000.00, 4, 0),
(198, 'S18', 1000.00, 4, 0),
(199, 'S19', 1000.00, 4, 0),
(200, 'S20', 1000.00, 4, 0),
(201, 'S1', 1000.00, 5, 0),
(202, 'S2', 1000.00, 5, 0),
(203, 'S3', 1000.00, 5, 0),
(204, 'S4', 1000.00, 5, 0),
(205, 'S5', 1000.00, 5, 0),
(206, 'S6', 1000.00, 5, 0),
(207, 'S7', 1000.00, 5, 0),
(208, 'S8', 1000.00, 5, 0),
(209, 'S9', 1000.00, 5, 0),
(210, 'S10', 1000.00, 5, 0),
(211, 'S11', 1000.00, 5, 0),
(212, 'S12', 1000.00, 5, 0),
(213, 'S13', 1000.00, 5, 0),
(214, 'S14', 1000.00, 5, 0),
(215, 'S15', 1000.00, 5, 0),
(216, 'S16', 1000.00, 5, 0),
(217, 'S17', 1000.00, 5, 0),
(218, 'S18', 1000.00, 5, 0),
(219, 'S19', 1000.00, 5, 0),
(220, 'S20', 1000.00, 5, 0),
(221, 'S1', 1000.00, 6, 0),
(222, 'S2', 1000.00, 6, 0),
(223, 'S3', 1000.00, 6, 0),
(224, 'S4', 1000.00, 6, 0),
(225, 'S5', 1000.00, 6, 0),
(226, 'S6', 1000.00, 6, 0),
(227, 'S7', 1000.00, 6, 0),
(228, 'S8', 1000.00, 6, 0),
(229, 'S9', 1000.00, 6, 0),
(230, 'S10', 1000.00, 6, 0),
(231, 'S11', 1000.00, 6, 0),
(232, 'S12', 1000.00, 6, 0),
(233, 'S13', 1000.00, 6, 0),
(234, 'S14', 1000.00, 6, 0),
(235, 'S15', 1000.00, 6, 0),
(236, 'S16', 1000.00, 6, 0),
(237, 'S17', 1000.00, 6, 0),
(238, 'S18', 1000.00, 6, 0),
(239, 'S19', 1000.00, 6, 0),
(240, 'S20', 1000.00, 6, 0),
(241, 'S21', 1000.00, 6, 0),
(242, 'S22', 1000.00, 6, 0),
(243, 'S23', 1000.00, 6, 0),
(244, 'S24', 1000.00, 6, 0),
(245, 'S25', 1000.00, 6, 0),
(246, 'S26', 1000.00, 6, 0),
(247, 'S27', 1000.00, 6, 0),
(248, 'S28', 1000.00, 6, 0),
(249, 'S29', 1000.00, 6, 0),
(250, 'S30', 1000.00, 6, 0),
(251, 'S31', 1000.00, 6, 0),
(252, 'S32', 1000.00, 6, 0),
(253, 'S33', 1000.00, 6, 0),
(254, 'S34', 1000.00, 6, 0),
(255, 'S35', 1000.00, 6, 0),
(256, 'S36', 1000.00, 6, 0),
(257, 'S37', 1000.00, 6, 0),
(258, 'S38', 1000.00, 6, 0),
(259, 'S39', 1000.00, 6, 0),
(260, 'S40', 1000.00, 6, 0),
(261, 'S41', 1000.00, 6, 0),
(262, 'S42', 1000.00, 6, 0),
(263, 'S43', 1000.00, 6, 0),
(264, 'S44', 1000.00, 6, 0),
(265, 'S45', 1000.00, 6, 0),
(266, 'S46', 1000.00, 6, 0),
(267, 'S47', 1000.00, 6, 0),
(268, 'S48', 1000.00, 6, 0),
(269, 'S49', 1000.00, 6, 0),
(270, 'S50', 1000.00, 6, 0),
(271, 'S51', 1000.00, 6, 0),
(272, 'S52', 1000.00, 6, 0),
(273, 'S53', 1000.00, 6, 0),
(274, 'S54', 1000.00, 6, 0),
(275, 'S55', 1000.00, 6, 0),
(276, 'S56', 1000.00, 6, 0),
(277, 'S57', 1000.00, 6, 0),
(278, 'S58', 1000.00, 6, 0),
(279, 'S59', 1000.00, 6, 0),
(280, 'S60', 1000.00, 6, 0);

-- --------------------------------------------------------

--
-- Cấu trúc bảng cho bảng `gheandsuatchieu`
--

CREATE TABLE `gheandsuatchieu` (
  `ID` int(11) NOT NULL,
  `ID_GHE` int(11) NOT NULL,
  `ID_SUATCHIEU` int(11) NOT NULL,
  `TRANGTHAIGHEANDSUATCHIEU` tinyint(4) DEFAULT NULL
) ENGINE=InnoDB DEFAULT CHARSET=utf8mb4 COLLATE=utf8mb4_general_ci;

--
-- Đang đổ dữ liệu cho bảng `gheandsuatchieu`
--

INSERT INTO `gheandsuatchieu` (`ID`, `ID_GHE`, `ID_SUATCHIEU`, `TRANGTHAIGHEANDSUATCHIEU`) VALUES
(1, 1, 2, 0),
(2, 2, 2, 0),
(3, 3, 2, 0),
(4, 4, 2, 0),
(5, 5, 2, 0),
(6, 6, 2, 0),
(7, 7, 2, 0),
(8, 8, 2, 0),
(9, 9, 2, 0),
(10, 10, 2, 0),
(11, 11, 2, 0),
(12, 12, 2, 0),
(13, 13, 2, 0),
(14, 14, 2, 0),
(15, 15, 2, 0),
(16, 16, 2, 0),
(17, 17, 2, 0),
(18, 18, 2, 0),
(19, 19, 2, 0),
(20, 20, 2, 0),
(21, 21, 2, 0),
(22, 22, 2, 0),
(23, 23, 2, 0),
(24, 24, 2, 0),
(25, 25, 2, 0),
(26, 26, 2, 0),
(27, 27, 2, 0),
(28, 28, 2, 0),
(29, 29, 2, 0),
(30, 30, 2, 0),
(31, 31, 2, 0),
(32, 32, 2, 0),
(33, 33, 2, 0),
(34, 34, 2, 0),
(35, 35, 2, 0),
(36, 36, 2, 0),
(37, 37, 2, 0),
(38, 38, 2, 0),
(39, 39, 2, 0),
(40, 40, 2, 0),
(41, 41, 2, 0),
(42, 42, 2, 0),
(43, 43, 2, 0),
(44, 44, 2, 0),
(45, 45, 2, 0),
(46, 46, 2, 0),
(47, 47, 2, 0),
(48, 48, 2, 0),
(49, 49, 2, 0),
(50, 50, 2, 0),
(51, 51, 2, 0),
(52, 52, 2, 0),
(53, 53, 2, 0),
(54, 54, 2, 0),
(55, 55, 2, 0),
(56, 56, 2, 0),
(57, 57, 2, 0),
(58, 58, 2, 0),
(59, 59, 2, 0),
(60, 60, 2, 0),
(61, 1, 3, 0),
(62, 2, 3, 0),
(63, 3, 3, 0),
(64, 4, 3, 0),
(65, 5, 3, 0),
(66, 6, 3, 0),
(67, 7, 3, 0),
(68, 8, 3, 0),
(69, 9, 3, 0),
(70, 10, 3, 0),
(71, 11, 3, 0),
(72, 12, 3, 0),
(73, 13, 3, 0),
(74, 14, 3, 0),
(75, 15, 3, 0),
(76, 16, 3, 0),
(77, 17, 3, 0),
(78, 18, 3, 0),
(79, 19, 3, 0),
(80, 20, 3, 0),
(81, 21, 3, 0),
(82, 22, 3, 0),
(83, 23, 3, 0),
(84, 24, 3, 0),
(85, 25, 3, 0),
(86, 26, 3, 0),
(87, 27, 3, 0),
(88, 28, 3, 0),
(89, 29, 3, 0),
(90, 30, 3, 0),
(91, 31, 3, 0),
(92, 32, 3, 0),
(93, 33, 3, 0),
(94, 34, 3, 0),
(95, 35, 3, 0),
(96, 36, 3, 0),
(97, 37, 3, 0),
(98, 38, 3, 0),
(99, 39, 3, 0),
(100, 40, 3, 0),
(101, 41, 3, 0),
(102, 42, 3, 0),
(103, 43, 3, 0),
(104, 44, 3, 0),
(105, 45, 3, 0),
(106, 46, 3, 0),
(107, 47, 3, 0),
(108, 48, 3, 0),
(109, 49, 3, 0),
(110, 50, 3, 0),
(111, 51, 3, 0),
(112, 52, 3, 0),
(113, 53, 3, 0),
(114, 54, 3, 0),
(115, 55, 3, 2),
(116, 56, 3, 2),
(117, 57, 3, 2),
(118, 58, 3, 2),
(119, 59, 3, 2),
(120, 60, 3, 2),
(121, 1, 4, 2),
(122, 2, 4, 2),
(123, 3, 4, 2),
(124, 4, 4, 2),
(125, 5, 4, 2),
(126, 6, 4, 2),
(127, 7, 4, 2),
(128, 8, 4, 2),
(129, 9, 4, 2),
(130, 10, 4, 2),
(131, 11, 4, 2),
(132, 12, 4, 2),
(133, 13, 4, 2),
(134, 14, 4, 2),
(135, 15, 4, 2),
(136, 16, 4, 2),
(137, 17, 4, 2),
(138, 18, 4, 2),
(139, 19, 4, 2),
(140, 20, 4, 2),
(141, 21, 4, 2),
(142, 22, 4, 2),
(143, 23, 4, 2),
(144, 24, 4, 2),
(145, 25, 4, 2),
(146, 26, 4, 2),
(147, 27, 4, 2),
(148, 28, 4, 2),
(149, 29, 4, 2),
(150, 30, 4, 2),
(151, 31, 4, 2),
(152, 32, 4, 2),
(153, 33, 4, 2),
(154, 34, 4, 2),
(155, 35, 4, 2),
(156, 36, 4, 2),
(157, 37, 4, 2),
(158, 38, 4, 2),
(159, 39, 4, 2),
(160, 40, 4, 2),
(161, 41, 4, 2),
(162, 42, 4, 2),
(163, 43, 4, 2),
(164, 44, 4, 2),
(165, 45, 4, 2),
(166, 46, 4, 2),
(167, 47, 4, 2),
(168, 48, 4, 2),
(169, 49, 4, 2),
(170, 50, 4, 2),
(171, 51, 4, 0),
(172, 52, 4, 0),
(173, 53, 4, 0),
(174, 54, 4, 0),
(175, 55, 4, 0),
(176, 56, 4, 0),
(177, 57, 4, 0),
(178, 58, 4, 0),
(179, 59, 4, 0),
(180, 60, 4, 0),
(181, 1, 5, 0),
(182, 2, 5, 0),
(183, 3, 5, 0),
(184, 4, 5, 0),
(185, 5, 5, 0),
(186, 6, 5, 0),
(187, 7, 5, 0),
(188, 8, 5, 0),
(189, 9, 5, 0),
(190, 10, 5, 0),
(191, 11, 5, 0),
(192, 12, 5, 0),
(193, 13, 5, 0),
(194, 14, 5, 0),
(195, 15, 5, 0),
(196, 16, 5, 0),
(197, 17, 5, 0),
(198, 18, 5, 0),
(199, 19, 5, 0),
(200, 20, 5, 0),
(201, 21, 5, 0),
(202, 22, 5, 0),
(203, 23, 5, 0),
(204, 24, 5, 0),
(205, 25, 5, 0),
(206, 26, 5, 0),
(207, 27, 5, 0),
(208, 28, 5, 0),
(209, 29, 5, 0),
(210, 30, 5, 0),
(211, 31, 5, 0),
(212, 32, 5, 0),
(213, 33, 5, 0),
(214, 34, 5, 0),
(215, 35, 5, 0),
(216, 36, 5, 0),
(217, 37, 5, 0),
(218, 38, 5, 0),
(219, 39, 5, 0),
(220, 40, 5, 0),
(221, 41, 5, 0),
(222, 42, 5, 0),
(223, 43, 5, 0),
(224, 44, 5, 0),
(225, 45, 5, 0),
(226, 46, 5, 0),
(227, 47, 5, 0),
(228, 48, 5, 0),
(229, 49, 5, 0),
(230, 50, 5, 0),
(231, 51, 5, 0),
(232, 52, 5, 0),
(233, 53, 5, 0),
(234, 54, 5, 0),
(235, 55, 5, 0),
(236, 56, 5, 0),
(237, 57, 5, 0),
(238, 58, 5, 0),
(239, 59, 5, 0),
(240, 60, 5, 0),
(241, 1, 6, 0),
(242, 2, 6, 0),
(243, 3, 6, 0),
(244, 4, 6, 0),
(245, 5, 6, 0),
(246, 6, 6, 0),
(247, 7, 6, 0),
(248, 8, 6, 0),
(249, 9, 6, 0),
(250, 10, 6, 0),
(251, 11, 6, 0),
(252, 12, 6, 0),
(253, 13, 6, 0),
(254, 14, 6, 0),
(255, 15, 6, 0),
(256, 16, 6, 0),
(257, 17, 6, 0),
(258, 18, 6, 0),
(259, 19, 6, 0),
(260, 20, 6, 0),
(261, 21, 6, 0),
(262, 22, 6, 0),
(263, 23, 6, 0),
(264, 24, 6, 0),
(265, 25, 6, 0),
(266, 26, 6, 0),
(267, 27, 6, 0),
(268, 28, 6, 0),
(269, 29, 6, 0),
(270, 30, 6, 0),
(271, 31, 6, 0),
(272, 32, 6, 0),
(273, 33, 6, 0),
(274, 34, 6, 0),
(275, 35, 6, 0),
(276, 36, 6, 0),
(277, 37, 6, 0),
(278, 38, 6, 0),
(279, 39, 6, 0),
(280, 40, 6, 0),
(281, 41, 6, 0),
(282, 42, 6, 0),
(283, 43, 6, 0),
(284, 44, 6, 0),
(285, 45, 6, 0),
(286, 46, 6, 0),
(287, 47, 6, 0),
(288, 48, 6, 0),
(289, 49, 6, 0),
(290, 50, 6, 0),
(291, 51, 6, 0),
(292, 52, 6, 0),
(293, 53, 6, 0),
(294, 54, 6, 0),
(295, 55, 6, 0),
(296, 56, 6, 0),
(297, 57, 6, 0),
(298, 58, 6, 0),
(299, 59, 6, 0),
(300, 60, 6, 0),
(301, 1, 7, 0),
(302, 2, 7, 0),
(303, 3, 7, 0),
(304, 4, 7, 0),
(305, 5, 7, 0),
(306, 6, 7, 0),
(307, 7, 7, 0),
(308, 8, 7, 0),
(309, 9, 7, 0),
(310, 10, 7, 0),
(311, 11, 7, 0),
(312, 12, 7, 0),
(313, 13, 7, 0),
(314, 14, 7, 0),
(315, 15, 7, 0),
(316, 16, 7, 0),
(317, 17, 7, 0),
(318, 18, 7, 0),
(319, 19, 7, 0),
(320, 20, 7, 0),
(321, 21, 7, 0),
(322, 22, 7, 0),
(323, 23, 7, 0),
(324, 24, 7, 0),
(325, 25, 7, 0),
(326, 26, 7, 0),
(327, 27, 7, 0),
(328, 28, 7, 0),
(329, 29, 7, 0),
(330, 30, 7, 0),
(331, 31, 7, 0),
(332, 32, 7, 0),
(333, 33, 7, 0),
(334, 34, 7, 0),
(335, 35, 7, 0),
(336, 36, 7, 0),
(337, 37, 7, 0),
(338, 38, 7, 0),
(339, 39, 7, 0),
(340, 40, 7, 0),
(341, 41, 7, 0),
(342, 42, 7, 0),
(343, 43, 7, 0),
(344, 44, 7, 0),
(345, 45, 7, 0),
(346, 46, 7, 0),
(347, 47, 7, 0),
(348, 48, 7, 0),
(349, 49, 7, 0),
(350, 50, 7, 0),
(351, 51, 7, 0),
(352, 52, 7, 0),
(353, 53, 7, 0),
(354, 54, 7, 0),
(355, 55, 7, 0),
(356, 56, 7, 0),
(357, 57, 7, 0),
(358, 58, 7, 0),
(359, 59, 7, 0),
(360, 60, 7, 0),
(361, 1, 8, 0),
(362, 2, 8, 0),
(363, 3, 8, 0),
(364, 4, 8, 0),
(365, 5, 8, 0),
(366, 6, 8, 0),
(367, 7, 8, 0),
(368, 8, 8, 0),
(369, 9, 8, 0),
(370, 10, 8, 0),
(371, 11, 8, 0),
(372, 12, 8, 0),
(373, 13, 8, 0),
(374, 14, 8, 0),
(375, 15, 8, 0),
(376, 16, 8, 0),
(377, 17, 8, 0),
(378, 18, 8, 0),
(379, 19, 8, 0),
(380, 20, 8, 0),
(381, 21, 8, 0),
(382, 22, 8, 0),
(383, 23, 8, 0),
(384, 24, 8, 0),
(385, 25, 8, 0),
(386, 26, 8, 0),
(387, 27, 8, 0),
(388, 28, 8, 0),
(389, 29, 8, 0),
(390, 30, 8, 0),
(391, 31, 8, 0),
(392, 32, 8, 0),
(393, 33, 8, 0),
(394, 34, 8, 0),
(395, 35, 8, 0),
(396, 36, 8, 0),
(397, 37, 8, 0),
(398, 38, 8, 0),
(399, 39, 8, 0),
(400, 40, 8, 0),
(401, 41, 8, 0),
(402, 42, 8, 0),
(403, 43, 8, 0),
(404, 44, 8, 0),
(405, 45, 8, 0),
(406, 46, 8, 0),
(407, 47, 8, 0),
(408, 48, 8, 0),
(409, 49, 8, 0),
(410, 50, 8, 0),
(411, 51, 8, 0),
(412, 52, 8, 0),
(413, 53, 8, 0),
(414, 54, 8, 0),
(415, 55, 8, 0),
(416, 56, 8, 0),
(417, 57, 8, 0),
(418, 58, 8, 0),
(419, 59, 8, 0),
(420, 60, 8, 0),
(421, 1, 9, 0),
(422, 2, 9, 0),
(423, 3, 9, 0),
(424, 4, 9, 0),
(425, 5, 9, 0),
(426, 6, 9, 0),
(427, 7, 9, 0),
(428, 8, 9, 0),
(429, 9, 9, 0),
(430, 10, 9, 0),
(431, 11, 9, 0),
(432, 12, 9, 0),
(433, 13, 9, 0),
(434, 14, 9, 0),
(435, 15, 9, 0),
(436, 16, 9, 0),
(437, 17, 9, 0),
(438, 18, 9, 0),
(439, 19, 9, 0),
(440, 20, 9, 0),
(441, 21, 9, 0),
(442, 22, 9, 0),
(443, 23, 9, 0),
(444, 24, 9, 0),
(445, 25, 9, 0),
(446, 26, 9, 0),
(447, 27, 9, 0),
(448, 28, 9, 0),
(449, 29, 9, 0),
(450, 30, 9, 0),
(451, 31, 9, 0),
(452, 32, 9, 0),
(453, 33, 9, 0),
(454, 34, 9, 0),
(455, 35, 9, 0),
(456, 36, 9, 0),
(457, 37, 9, 0),
(458, 38, 9, 0),
(459, 39, 9, 0),
(460, 40, 9, 0),
(461, 41, 9, 0),
(462, 42, 9, 0),
(463, 43, 9, 0),
(464, 44, 9, 0),
(465, 45, 9, 0),
(466, 46, 9, 0),
(467, 47, 9, 0),
(468, 48, 9, 0),
(469, 49, 9, 0),
(470, 50, 9, 0),
(471, 51, 9, 0),
(472, 52, 9, 0),
(473, 53, 9, 0),
(474, 54, 9, 0),
(475, 55, 9, 0),
(476, 56, 9, 0),
(477, 57, 9, 0),
(478, 58, 9, 0),
(479, 59, 9, 0),
(480, 60, 9, 0),
(481, 1, 10, 0),
(482, 2, 10, 0),
(483, 3, 10, 0),
(484, 4, 10, 0),
(485, 5, 10, 0),
(486, 6, 10, 0),
(487, 7, 10, 0),
(488, 8, 10, 0),
(489, 9, 10, 0),
(490, 10, 10, 0),
(491, 11, 10, 0),
(492, 12, 10, 0),
(493, 13, 10, 0),
(494, 14, 10, 0),
(495, 15, 10, 0),
(496, 16, 10, 0),
(497, 17, 10, 0),
(498, 18, 10, 0),
(499, 19, 10, 0),
(500, 20, 10, 0),
(501, 21, 10, 0),
(502, 22, 10, 0),
(503, 23, 10, 0),
(504, 24, 10, 0),
(505, 25, 10, 0),
(506, 26, 10, 0),
(507, 27, 10, 0),
(508, 28, 10, 0),
(509, 29, 10, 0),
(510, 30, 10, 0),
(511, 31, 10, 0),
(512, 32, 10, 0),
(513, 33, 10, 0),
(514, 34, 10, 0),
(515, 35, 10, 0),
(516, 36, 10, 0),
(517, 37, 10, 0),
(518, 38, 10, 0),
(519, 39, 10, 0),
(520, 40, 10, 0),
(521, 41, 10, 0),
(522, 42, 10, 0),
(523, 43, 10, 0),
(524, 44, 10, 0),
(525, 45, 10, 0),
(526, 46, 10, 0),
(527, 47, 10, 0),
(528, 48, 10, 0),
(529, 49, 10, 0),
(530, 50, 10, 0),
(531, 51, 10, 0),
(532, 52, 10, 0),
(533, 53, 10, 0),
(534, 54, 10, 0),
(535, 55, 10, 0),
(536, 56, 10, 0),
(537, 57, 10, 0),
(538, 58, 10, 0),
(539, 59, 10, 0),
(540, 60, 10, 0),
(541, 1, 11, 0),
(542, 2, 11, 0),
(543, 3, 11, 0),
(544, 4, 11, 0),
(545, 5, 11, 0),
(546, 6, 11, 0),
(547, 7, 11, 0),
(548, 8, 11, 0),
(549, 9, 11, 0),
(550, 10, 11, 0),
(551, 11, 11, 0),
(552, 12, 11, 0),
(553, 13, 11, 0),
(554, 14, 11, 0),
(555, 15, 11, 0),
(556, 16, 11, 0),
(557, 17, 11, 0),
(558, 18, 11, 0),
(559, 19, 11, 0),
(560, 20, 11, 0),
(561, 21, 11, 0),
(562, 22, 11, 0),
(563, 23, 11, 0),
(564, 24, 11, 0),
(565, 25, 11, 0),
(566, 26, 11, 0),
(567, 27, 11, 0),
(568, 28, 11, 0),
(569, 29, 11, 0),
(570, 30, 11, 0),
(571, 31, 11, 0),
(572, 32, 11, 0),
(573, 33, 11, 0),
(574, 34, 11, 0),
(575, 35, 11, 0),
(576, 36, 11, 0),
(577, 37, 11, 0),
(578, 38, 11, 0),
(579, 39, 11, 0),
(580, 40, 11, 0),
(581, 41, 11, 0),
(582, 42, 11, 0),
(583, 43, 11, 0),
(584, 44, 11, 0),
(585, 45, 11, 0),
(586, 46, 11, 0),
(587, 47, 11, 0),
(588, 48, 11, 0),
(589, 49, 11, 0),
(590, 50, 11, 0),
(591, 51, 11, 0),
(592, 52, 11, 0),
(593, 53, 11, 0),
(594, 54, 11, 0),
(595, 55, 11, 0),
(596, 56, 11, 0),
(597, 57, 11, 0),
(598, 58, 11, 0),
(599, 59, 11, 0),
(600, 60, 11, 0),
(601, 1, 12, 0),
(602, 2, 12, 0),
(603, 3, 12, 0),
(604, 4, 12, 0),
(605, 5, 12, 0),
(606, 6, 12, 0),
(607, 7, 12, 0),
(608, 8, 12, 0),
(609, 9, 12, 0),
(610, 10, 12, 0),
(611, 11, 12, 0),
(612, 12, 12, 0),
(613, 13, 12, 0),
(614, 14, 12, 0),
(615, 15, 12, 0),
(616, 16, 12, 0),
(617, 17, 12, 0),
(618, 18, 12, 0),
(619, 19, 12, 0),
(620, 20, 12, 0),
(621, 21, 12, 0),
(622, 22, 12, 0),
(623, 23, 12, 0),
(624, 24, 12, 0),
(625, 25, 12, 0),
(626, 26, 12, 0),
(627, 27, 12, 0),
(628, 28, 12, 0),
(629, 29, 12, 0),
(630, 30, 12, 0),
(631, 31, 12, 0),
(632, 32, 12, 0),
(633, 33, 12, 0),
(634, 34, 12, 0),
(635, 35, 12, 0),
(636, 36, 12, 0),
(637, 37, 12, 0),
(638, 38, 12, 0),
(639, 39, 12, 0),
(640, 40, 12, 0),
(641, 41, 12, 0),
(642, 42, 12, 0),
(643, 43, 12, 0),
(644, 44, 12, 0),
(645, 45, 12, 0),
(646, 46, 12, 0),
(647, 47, 12, 0),
(648, 48, 12, 0),
(649, 49, 12, 0),
(650, 50, 12, 0),
(651, 51, 12, 0),
(652, 52, 12, 0),
(653, 53, 12, 0),
(654, 54, 12, 0),
(655, 55, 12, 0),
(656, 56, 12, 0),
(657, 57, 12, 0),
(658, 58, 12, 0),
(659, 59, 12, 0),
(660, 60, 12, 0),
(661, 1, 13, 0),
(662, 2, 13, 0),
(663, 3, 13, 0),
(664, 4, 13, 0),
(665, 5, 13, 0),
(666, 6, 13, 0),
(667, 7, 13, 0),
(668, 8, 13, 0),
(669, 9, 13, 0),
(670, 10, 13, 0),
(671, 11, 13, 0),
(672, 12, 13, 0),
(673, 13, 13, 0),
(674, 14, 13, 0),
(675, 15, 13, 0),
(676, 16, 13, 0),
(677, 17, 13, 0),
(678, 18, 13, 0),
(679, 19, 13, 0),
(680, 20, 13, 0),
(681, 21, 13, 0),
(682, 22, 13, 0),
(683, 23, 13, 0),
(684, 24, 13, 0),
(685, 25, 13, 0),
(686, 26, 13, 0),
(687, 27, 13, 0),
(688, 28, 13, 0),
(689, 29, 13, 0),
(690, 30, 13, 0),
(691, 31, 13, 0),
(692, 32, 13, 0),
(693, 33, 13, 0),
(694, 34, 13, 0),
(695, 35, 13, 0),
(696, 36, 13, 0),
(697, 37, 13, 0),
(698, 38, 13, 0),
(699, 39, 13, 0),
(700, 40, 13, 0),
(701, 41, 13, 0),
(702, 42, 13, 0),
(703, 43, 13, 0),
(704, 44, 13, 0),
(705, 45, 13, 0),
(706, 46, 13, 0),
(707, 47, 13, 0),
(708, 48, 13, 0),
(709, 49, 13, 0),
(710, 50, 13, 0),
(711, 51, 13, 0),
(712, 52, 13, 0),
(713, 53, 13, 0),
(714, 54, 13, 0),
(715, 55, 13, 0),
(716, 56, 13, 0),
(717, 57, 13, 0),
(718, 58, 13, 0),
(719, 59, 13, 0),
(720, 60, 13, 0),
(721, 1, 14, 0),
(722, 2, 14, 0),
(723, 3, 14, 0),
(724, 4, 14, 0),
(725, 5, 14, 0),
(726, 6, 14, 0),
(727, 7, 14, 0),
(728, 8, 14, 0),
(729, 9, 14, 0),
(730, 10, 14, 0),
(731, 11, 14, 0),
(732, 12, 14, 0),
(733, 13, 14, 0),
(734, 14, 14, 0),
(735, 15, 14, 0),
(736, 16, 14, 0),
(737, 17, 14, 0),
(738, 18, 14, 0),
(739, 19, 14, 0),
(740, 20, 14, 0),
(741, 21, 14, 0),
(742, 22, 14, 0),
(743, 23, 14, 0),
(744, 24, 14, 0),
(745, 25, 14, 0),
(746, 26, 14, 0),
(747, 27, 14, 0),
(748, 28, 14, 0),
(749, 29, 14, 0),
(750, 30, 14, 0),
(751, 31, 14, 0),
(752, 32, 14, 0),
(753, 33, 14, 0),
(754, 34, 14, 0),
(755, 35, 14, 0),
(756, 36, 14, 0),
(757, 37, 14, 0),
(758, 38, 14, 0),
(759, 39, 14, 0),
(760, 40, 14, 0),
(761, 41, 14, 0),
(762, 42, 14, 0),
(763, 43, 14, 0),
(764, 44, 14, 0),
(765, 45, 14, 0),
(766, 46, 14, 0),
(767, 47, 14, 0),
(768, 48, 14, 0),
(769, 49, 14, 0),
(770, 50, 14, 0),
(771, 51, 14, 0),
(772, 52, 14, 0),
(773, 53, 14, 0),
(774, 54, 14, 0),
(775, 55, 14, 0),
(776, 56, 14, 0),
(777, 57, 14, 0),
(778, 58, 14, 0),
(779, 59, 14, 0),
(780, 60, 14, 0),
(781, 1, 15, 0),
(782, 2, 15, 0),
(783, 3, 15, 0),
(784, 4, 15, 0),
(785, 5, 15, 0),
(786, 6, 15, 0),
(787, 7, 15, 0),
(788, 8, 15, 0),
(789, 9, 15, 0),
(790, 10, 15, 0),
(791, 11, 15, 0),
(792, 12, 15, 0),
(793, 13, 15, 0),
(794, 14, 15, 0),
(795, 15, 15, 0),
(796, 16, 15, 0),
(797, 17, 15, 0),
(798, 18, 15, 0),
(799, 19, 15, 0),
(800, 20, 15, 0),
(801, 21, 15, 0),
(802, 22, 15, 0),
(803, 23, 15, 0),
(804, 24, 15, 0),
(805, 25, 15, 0),
(806, 26, 15, 0),
(807, 27, 15, 0),
(808, 28, 15, 0),
(809, 29, 15, 0),
(810, 30, 15, 0),
(811, 31, 15, 0),
(812, 32, 15, 0),
(813, 33, 15, 0),
(814, 34, 15, 0),
(815, 35, 15, 0),
(816, 36, 15, 0),
(817, 37, 15, 0),
(818, 38, 15, 0),
(819, 39, 15, 0),
(820, 40, 15, 0),
(821, 41, 15, 0),
(822, 42, 15, 0),
(823, 43, 15, 0),
(824, 44, 15, 0),
(825, 45, 15, 0),
(826, 46, 15, 0),
(827, 47, 15, 0),
(828, 48, 15, 0),
(829, 49, 15, 0),
(830, 50, 15, 0),
(831, 51, 15, 0),
(832, 52, 15, 0),
(833, 53, 15, 0),
(834, 54, 15, 0),
(835, 55, 15, 0),
(836, 56, 15, 0),
(837, 57, 15, 0),
(838, 58, 15, 0),
(839, 59, 15, 0),
(840, 60, 15, 0),
(841, 61, 16, 0),
(842, 62, 16, 0),
(843, 63, 16, 0),
(844, 64, 16, 0),
(845, 65, 16, 0),
(846, 66, 16, 0),
(847, 67, 16, 0),
(848, 68, 16, 0),
(849, 69, 16, 0),
(850, 70, 16, 0),
(851, 71, 16, 0),
(852, 72, 16, 0),
(853, 73, 16, 0),
(854, 74, 16, 0),
(855, 75, 16, 0),
(856, 76, 16, 0),
(857, 77, 16, 0),
(858, 78, 16, 0),
(859, 79, 16, 0),
(860, 80, 16, 0),
(861, 81, 16, 0),
(862, 82, 16, 0),
(863, 83, 16, 0),
(864, 84, 16, 0),
(865, 85, 16, 0),
(866, 86, 16, 0),
(867, 87, 16, 0),
(868, 88, 16, 0),
(869, 89, 16, 0),
(870, 90, 16, 0),
(871, 91, 16, 0),
(872, 92, 16, 0),
(873, 93, 16, 0),
(874, 94, 16, 0),
(875, 95, 16, 0),
(876, 96, 16, 0),
(877, 97, 16, 0),
(878, 98, 16, 0),
(879, 99, 16, 0),
(880, 100, 16, 0),
(881, 101, 16, 0),
(882, 102, 16, 0),
(883, 103, 16, 0),
(884, 104, 16, 0),
(885, 105, 16, 0),
(886, 106, 16, 0),
(887, 107, 16, 0),
(888, 108, 16, 0),
(889, 109, 16, 0),
(890, 110, 16, 0),
(891, 111, 16, 0),
(892, 112, 16, 0),
(893, 113, 16, 0),
(894, 114, 16, 0),
(895, 115, 16, 0),
(896, 116, 16, 0),
(897, 117, 16, 0),
(898, 118, 16, 0),
(899, 119, 16, 0),
(900, 120, 16, 0),
(901, 61, 17, 0),
(902, 62, 17, 0),
(903, 63, 17, 0),
(904, 64, 17, 0),
(905, 65, 17, 0),
(906, 66, 17, 0),
(907, 67, 17, 0),
(908, 68, 17, 0),
(909, 69, 17, 0),
(910, 70, 17, 0),
(911, 71, 17, 0),
(912, 72, 17, 0),
(913, 73, 17, 0),
(914, 74, 17, 0),
(915, 75, 17, 0),
(916, 76, 17, 0),
(917, 77, 17, 0),
(918, 78, 17, 0),
(919, 79, 17, 0),
(920, 80, 17, 0),
(921, 81, 17, 0),
(922, 82, 17, 0),
(923, 83, 17, 0),
(924, 84, 17, 0),
(925, 85, 17, 0),
(926, 86, 17, 0),
(927, 87, 17, 0),
(928, 88, 17, 0),
(929, 89, 17, 0),
(930, 90, 17, 0),
(931, 91, 17, 0),
(932, 92, 17, 0),
(933, 93, 17, 0),
(934, 94, 17, 0),
(935, 95, 17, 0),
(936, 96, 17, 0),
(937, 97, 17, 0),
(938, 98, 17, 0),
(939, 99, 17, 0),
(940, 100, 17, 0),
(941, 101, 17, 0),
(942, 102, 17, 0),
(943, 103, 17, 0),
(944, 104, 17, 0),
(945, 105, 17, 0),
(946, 106, 17, 0),
(947, 107, 17, 0),
(948, 108, 17, 0),
(949, 109, 17, 0),
(950, 110, 17, 0),
(951, 111, 17, 0),
(952, 112, 17, 0),
(953, 113, 17, 0),
(954, 114, 17, 0),
(955, 115, 17, 0),
(956, 116, 17, 0),
(957, 117, 17, 0),
(958, 118, 17, 0),
(959, 119, 17, 0),
(960, 120, 17, 0),
(961, 221, 18, 0),
(962, 222, 18, 0),
(963, 223, 18, 0),
(964, 224, 18, 0),
(965, 225, 18, 0),
(966, 226, 18, 0),
(967, 227, 18, 0),
(968, 228, 18, 0),
(969, 229, 18, 0),
(970, 230, 18, 0),
(971, 231, 18, 0),
(972, 232, 18, 0),
(973, 233, 18, 0),
(974, 234, 18, 0),
(975, 235, 18, 0),
(976, 236, 18, 0),
(977, 237, 18, 0),
(978, 238, 18, 0),
(979, 239, 18, 0),
(980, 240, 18, 0),
(981, 241, 18, 0),
(982, 242, 18, 0),
(983, 243, 18, 0),
(984, 244, 18, 0),
(985, 245, 18, 0),
(986, 246, 18, 0),
(987, 247, 18, 0),
(988, 248, 18, 0),
(989, 249, 18, 0),
(990, 250, 18, 0),
(991, 251, 18, 0),
(992, 252, 18, 0),
(993, 253, 18, 0),
(994, 254, 18, 0),
(995, 255, 18, 0),
(996, 256, 18, 0),
(997, 257, 18, 0),
(998, 258, 18, 0),
(999, 259, 18, 0),
(1000, 260, 18, 0),
(1001, 261, 18, 0),
(1002, 262, 18, 0),
(1003, 263, 18, 0),
(1004, 264, 18, 0),
(1005, 265, 18, 0),
(1006, 266, 18, 0),
(1007, 267, 18, 0),
(1008, 268, 18, 0),
(1009, 269, 18, 0),
(1010, 270, 18, 0),
(1011, 271, 18, 0),
(1012, 272, 18, 0),
(1013, 273, 18, 0),
(1014, 274, 18, 0),
(1015, 275, 18, 0),
(1016, 276, 18, 0),
(1017, 277, 18, 0),
(1018, 278, 18, 0),
(1019, 279, 18, 0),
(1020, 280, 18, 0),
(1021, 221, 19, 0),
(1022, 222, 19, 0),
(1023, 223, 19, 0),
(1024, 224, 19, 0),
(1025, 225, 19, 0),
(1026, 226, 19, 0),
(1027, 227, 19, 0),
(1028, 228, 19, 0),
(1029, 229, 19, 0),
(1030, 230, 19, 0),
(1031, 231, 19, 0),
(1032, 232, 19, 0),
(1033, 233, 19, 0),
(1034, 234, 19, 0),
(1035, 235, 19, 0),
(1036, 236, 19, 0),
(1037, 237, 19, 0),
(1038, 238, 19, 0),
(1039, 239, 19, 0),
(1040, 240, 19, 0),
(1041, 241, 19, 0),
(1042, 242, 19, 0),
(1043, 243, 19, 0),
(1044, 244, 19, 0),
(1045, 245, 19, 0),
(1046, 246, 19, 0),
(1047, 247, 19, 0),
(1048, 248, 19, 0),
(1049, 249, 19, 0),
(1050, 250, 19, 0),
(1051, 251, 19, 0),
(1052, 252, 19, 0),
(1053, 253, 19, 0),
(1054, 254, 19, 0),
(1055, 255, 19, 0),
(1056, 256, 19, 0),
(1057, 257, 19, 0),
(1058, 258, 19, 0),
(1059, 259, 19, 0),
(1060, 260, 19, 0),
(1061, 261, 19, 0),
(1062, 262, 19, 0),
(1063, 263, 19, 0),
(1064, 264, 19, 0),
(1065, 265, 19, 0),
(1066, 266, 19, 0),
(1067, 267, 19, 0),
(1068, 268, 19, 0),
(1069, 269, 19, 0),
(1070, 270, 19, 0),
(1071, 271, 19, 0),
(1072, 272, 19, 0),
(1073, 273, 19, 0),
(1074, 274, 19, 0),
(1075, 275, 19, 0),
(1076, 276, 19, 0),
(1077, 277, 19, 0),
(1078, 278, 19, 0),
(1079, 279, 19, 0),
(1080, 280, 19, 0),
(1081, 221, 20, 0),
(1082, 222, 20, 0),
(1083, 223, 20, 0),
(1084, 224, 20, 0),
(1085, 225, 20, 0),
(1086, 226, 20, 0),
(1087, 227, 20, 0),
(1088, 228, 20, 0),
(1089, 229, 20, 0),
(1090, 230, 20, 0),
(1091, 231, 20, 0),
(1092, 232, 20, 0),
(1093, 233, 20, 0),
(1094, 234, 20, 0),
(1095, 235, 20, 0),
(1096, 236, 20, 0),
(1097, 237, 20, 0),
(1098, 238, 20, 0),
(1099, 239, 20, 0),
(1100, 240, 20, 0),
(1101, 241, 20, 0),
(1102, 242, 20, 0),
(1103, 243, 20, 0),
(1104, 244, 20, 0),
(1105, 245, 20, 0),
(1106, 246, 20, 0),
(1107, 247, 20, 0),
(1108, 248, 20, 0),
(1109, 249, 20, 0),
(1110, 250, 20, 0),
(1111, 251, 20, 0),
(1112, 252, 20, 0),
(1113, 253, 20, 0),
(1114, 254, 20, 0),
(1115, 255, 20, 0),
(1116, 256, 20, 0),
(1117, 257, 20, 0),
(1118, 258, 20, 0),
(1119, 259, 20, 0),
(1120, 260, 20, 0),
(1121, 261, 20, 0),
(1122, 262, 20, 0),
(1123, 263, 20, 0),
(1124, 264, 20, 0),
(1125, 265, 20, 0),
(1126, 266, 20, 0),
(1127, 267, 20, 0),
(1128, 268, 20, 0),
(1129, 269, 20, 0),
(1130, 270, 20, 0),
(1131, 271, 20, 0),
(1132, 272, 20, 0),
(1133, 273, 20, 0),
(1134, 274, 20, 0),
(1135, 275, 20, 0),
(1136, 276, 20, 0),
(1137, 277, 20, 0),
(1138, 278, 20, 0),
(1139, 279, 20, 0),
(1140, 280, 20, 0),
(1141, 221, 21, 0),
(1142, 222, 21, 0),
(1143, 223, 21, 0),
(1144, 224, 21, 0),
(1145, 225, 21, 0),
(1146, 226, 21, 0),
(1147, 227, 21, 0),
(1148, 228, 21, 0),
(1149, 229, 21, 0),
(1150, 230, 21, 0),
(1151, 231, 21, 0),
(1152, 232, 21, 0),
(1153, 233, 21, 0),
(1154, 234, 21, 0),
(1155, 235, 21, 0),
(1156, 236, 21, 0),
(1157, 237, 21, 0),
(1158, 238, 21, 0),
(1159, 239, 21, 0),
(1160, 240, 21, 0),
(1161, 241, 21, 0),
(1162, 242, 21, 0),
(1163, 243, 21, 0),
(1164, 244, 21, 0),
(1165, 245, 21, 0),
(1166, 246, 21, 0),
(1167, 247, 21, 0),
(1168, 248, 21, 0),
(1169, 249, 21, 0),
(1170, 250, 21, 0),
(1171, 251, 21, 0),
(1172, 252, 21, 0),
(1173, 253, 21, 0),
(1174, 254, 21, 0),
(1175, 255, 21, 0),
(1176, 256, 21, 0),
(1177, 257, 21, 0),
(1178, 258, 21, 0),
(1179, 259, 21, 0),
(1180, 260, 21, 0),
(1181, 261, 21, 0),
(1182, 262, 21, 0),
(1183, 263, 21, 0),
(1184, 264, 21, 0),
(1185, 265, 21, 0),
(1186, 266, 21, 0),
(1187, 267, 21, 0),
(1188, 268, 21, 0),
(1189, 269, 21, 0),
(1190, 270, 21, 0),
(1191, 271, 21, 0),
(1192, 272, 21, 0),
(1193, 273, 21, 0),
(1194, 274, 21, 0),
(1195, 275, 21, 0),
(1196, 276, 21, 0),
(1197, 277, 21, 0),
(1198, 278, 21, 0),
(1199, 279, 21, 0),
(1200, 280, 21, 0),
(1201, 221, 22, 0),
(1202, 222, 22, 0),
(1203, 223, 22, 0),
(1204, 224, 22, 0),
(1205, 225, 22, 0),
(1206, 226, 22, 0),
(1207, 227, 22, 0),
(1208, 228, 22, 0),
(1209, 229, 22, 0),
(1210, 230, 22, 0),
(1211, 231, 22, 0),
(1212, 232, 22, 0),
(1213, 233, 22, 0),
(1214, 234, 22, 0),
(1215, 235, 22, 0),
(1216, 236, 22, 0),
(1217, 237, 22, 0),
(1218, 238, 22, 0),
(1219, 239, 22, 0),
(1220, 240, 22, 0),
(1221, 241, 22, 0),
(1222, 242, 22, 0),
(1223, 243, 22, 0),
(1224, 244, 22, 0),
(1225, 245, 22, 0),
(1226, 246, 22, 0),
(1227, 247, 22, 0),
(1228, 248, 22, 0),
(1229, 249, 22, 0),
(1230, 250, 22, 0),
(1231, 251, 22, 0),
(1232, 252, 22, 0),
(1233, 253, 22, 0),
(1234, 254, 22, 0),
(1235, 255, 22, 0),
(1236, 256, 22, 0),
(1237, 257, 22, 0),
(1238, 258, 22, 0),
(1239, 259, 22, 0),
(1240, 260, 22, 0),
(1241, 261, 22, 0),
(1242, 262, 22, 0),
(1243, 263, 22, 0),
(1244, 264, 22, 0),
(1245, 265, 22, 0),
(1246, 266, 22, 0),
(1247, 267, 22, 0),
(1248, 268, 22, 0),
(1249, 269, 22, 0),
(1250, 270, 22, 0),
(1251, 271, 22, 0),
(1252, 272, 22, 0),
(1253, 273, 22, 0),
(1254, 274, 22, 0),
(1255, 275, 22, 0),
(1256, 276, 22, 0),
(1257, 277, 22, 0),
(1258, 278, 22, 0),
(1259, 279, 22, 0),
(1260, 280, 22, 0),
(1261, 221, 23, 0),
(1262, 222, 23, 0),
(1263, 223, 23, 0),
(1264, 224, 23, 0),
(1265, 225, 23, 0),
(1266, 226, 23, 0),
(1267, 227, 23, 0),
(1268, 228, 23, 0),
(1269, 229, 23, 0),
(1270, 230, 23, 0),
(1271, 231, 23, 0),
(1272, 232, 23, 0),
(1273, 233, 23, 0),
(1274, 234, 23, 0),
(1275, 235, 23, 0),
(1276, 236, 23, 0),
(1277, 237, 23, 0),
(1278, 238, 23, 0),
(1279, 239, 23, 0),
(1280, 240, 23, 0),
(1281, 241, 23, 0),
(1282, 242, 23, 0),
(1283, 243, 23, 0),
(1284, 244, 23, 0),
(1285, 245, 23, 0),
(1286, 246, 23, 0),
(1287, 247, 23, 0),
(1288, 248, 23, 0),
(1289, 249, 23, 0),
(1290, 250, 23, 0),
(1291, 251, 23, 0),
(1292, 252, 23, 0),
(1293, 253, 23, 0),
(1294, 254, 23, 0),
(1295, 255, 23, 0),
(1296, 256, 23, 0),
(1297, 257, 23, 0),
(1298, 258, 23, 0),
(1299, 259, 23, 0),
(1300, 260, 23, 0),
(1301, 261, 23, 0),
(1302, 262, 23, 0),
(1303, 263, 23, 0),
(1304, 264, 23, 0),
(1305, 265, 23, 0),
(1306, 266, 23, 0),
(1307, 267, 23, 0),
(1308, 268, 23, 0),
(1309, 269, 23, 0),
(1310, 270, 23, 0),
(1311, 271, 23, 0),
(1312, 272, 23, 0),
(1313, 273, 23, 0),
(1314, 274, 23, 0),
(1315, 275, 23, 0),
(1316, 276, 23, 0),
(1317, 277, 23, 0),
(1318, 278, 23, 0),
(1319, 279, 23, 0),
(1320, 280, 23, 0),
(1321, 201, 24, 0),
(1322, 202, 24, 0),
(1323, 203, 24, 0),
(1324, 204, 24, 0),
(1325, 205, 24, 0),
(1326, 206, 24, 0),
(1327, 207, 24, 0),
(1328, 208, 24, 0),
(1329, 209, 24, 0),
(1330, 210, 24, 0),
(1331, 211, 24, 0),
(1332, 212, 24, 0),
(1333, 213, 24, 0),
(1334, 214, 24, 0),
(1335, 215, 24, 0),
(1336, 216, 24, 0),
(1337, 217, 24, 0),
(1338, 218, 24, 0),
(1339, 219, 24, 0),
(1340, 220, 24, 0),
(1341, 201, 25, 0),
(1342, 202, 25, 0),
(1343, 203, 25, 0),
(1344, 204, 25, 0),
(1345, 205, 25, 0),
(1346, 206, 25, 0),
(1347, 207, 25, 0),
(1348, 208, 25, 0),
(1349, 209, 25, 0),
(1350, 210, 25, 0),
(1351, 211, 25, 0),
(1352, 212, 25, 0),
(1353, 213, 25, 0),
(1354, 214, 25, 0),
(1355, 215, 25, 0),
(1356, 216, 25, 0),
(1357, 217, 25, 0),
(1358, 218, 25, 0),
(1359, 219, 25, 0),
(1360, 220, 25, 0),
(1361, 201, 26, 0),
(1362, 202, 26, 0),
(1363, 203, 26, 0),
(1364, 204, 26, 0),
(1365, 205, 26, 0),
(1366, 206, 26, 0),
(1367, 207, 26, 0),
(1368, 208, 26, 0),
(1369, 209, 26, 0),
(1370, 210, 26, 0),
(1371, 211, 26, 0),
(1372, 212, 26, 0),
(1373, 213, 26, 0),
(1374, 214, 26, 0),
(1375, 215, 26, 0),
(1376, 216, 26, 0),
(1377, 217, 26, 0),
(1378, 218, 26, 0),
(1379, 219, 26, 0),
(1380, 220, 26, 0),
(1381, 181, 27, 0),
(1382, 182, 27, 0),
(1383, 183, 27, 0),
(1384, 184, 27, 0),
(1385, 185, 27, 0),
(1386, 186, 27, 0),
(1387, 187, 27, 0),
(1388, 188, 27, 0),
(1389, 189, 27, 0),
(1390, 190, 27, 0),
(1391, 191, 27, 0),
(1392, 192, 27, 0),
(1393, 193, 27, 0),
(1394, 194, 27, 0),
(1395, 195, 27, 0),
(1396, 196, 27, 0),
(1397, 197, 27, 0),
(1398, 198, 27, 0),
(1399, 199, 27, 0),
(1400, 200, 27, 0),
(1401, 181, 28, 0),
(1402, 182, 28, 0),
(1403, 183, 28, 0),
(1404, 184, 28, 0),
(1405, 185, 28, 0),
(1406, 186, 28, 0),
(1407, 187, 28, 0),
(1408, 188, 28, 0),
(1409, 189, 28, 0),
(1410, 190, 28, 0),
(1411, 191, 28, 0),
(1412, 192, 28, 0),
(1413, 193, 28, 0),
(1414, 194, 28, 0),
(1415, 195, 28, 0),
(1416, 196, 28, 0),
(1417, 197, 28, 0),
(1418, 198, 28, 0),
(1419, 199, 28, 0),
(1420, 200, 28, 0),
(1421, 181, 29, 0),
(1422, 182, 29, 0),
(1423, 183, 29, 0),
(1424, 184, 29, 0),
(1425, 185, 29, 0),
(1426, 186, 29, 0),
(1427, 187, 29, 0),
(1428, 188, 29, 0),
(1429, 189, 29, 0),
(1430, 190, 29, 0),
(1431, 191, 29, 0),
(1432, 192, 29, 0),
(1433, 193, 29, 0),
(1434, 194, 29, 0),
(1435, 195, 29, 0),
(1436, 196, 29, 0),
(1437, 197, 29, 0),
(1438, 198, 29, 0),
(1439, 199, 29, 0),
(1440, 200, 29, 0),
(1441, 181, 30, 0),
(1442, 182, 30, 0),
(1443, 183, 30, 0),
(1444, 184, 30, 0),
(1445, 185, 30, 0),
(1446, 186, 30, 0),
(1447, 187, 30, 0),
(1448, 188, 30, 0),
(1449, 189, 30, 0),
(1450, 190, 30, 0),
(1451, 191, 30, 0),
(1452, 192, 30, 0),
(1453, 193, 30, 0),
(1454, 194, 30, 0),
(1455, 195, 30, 0),
(1456, 196, 30, 0),
(1457, 197, 30, 0),
(1458, 198, 30, 0),
(1459, 199, 30, 0),
(1460, 200, 30, 0),
(1461, 221, 31, 0),
(1462, 222, 31, 0),
(1463, 223, 31, 0),
(1464, 224, 31, 0),
(1465, 225, 31, 0),
(1466, 226, 31, 0),
(1467, 227, 31, 0),
(1468, 228, 31, 0),
(1469, 229, 31, 0),
(1470, 230, 31, 0),
(1471, 231, 31, 0),
(1472, 232, 31, 0),
(1473, 233, 31, 0),
(1474, 234, 31, 0),
(1475, 235, 31, 0),
(1476, 236, 31, 0),
(1477, 237, 31, 0),
(1478, 238, 31, 0),
(1479, 239, 31, 0),
(1480, 240, 31, 0),
(1481, 241, 31, 0),
(1482, 242, 31, 0),
(1483, 243, 31, 0),
(1484, 244, 31, 0),
(1485, 245, 31, 0),
(1486, 246, 31, 0),
(1487, 247, 31, 0),
(1488, 248, 31, 0),
(1489, 249, 31, 0),
(1490, 250, 31, 0),
(1491, 251, 31, 0),
(1492, 252, 31, 0),
(1493, 253, 31, 0),
(1494, 254, 31, 0),
(1495, 255, 31, 0),
(1496, 256, 31, 0),
(1497, 257, 31, 0),
(1498, 258, 31, 0),
(1499, 259, 31, 0),
(1500, 260, 31, 0),
(1501, 261, 31, 0),
(1502, 262, 31, 0),
(1503, 263, 31, 0),
(1504, 264, 31, 0),
(1505, 265, 31, 0),
(1506, 266, 31, 0),
(1507, 267, 31, 0),
(1508, 268, 31, 0),
(1509, 269, 31, 0),
(1510, 270, 31, 0),
(1511, 271, 31, 0),
(1512, 272, 31, 0),
(1513, 273, 31, 0),
(1514, 274, 31, 0),
(1515, 275, 31, 0),
(1516, 276, 31, 0),
(1517, 277, 31, 0),
(1518, 278, 31, 0),
(1519, 279, 31, 0),
(1520, 280, 31, 0),
(1521, 221, 32, 0),
(1522, 222, 32, 0),
(1523, 223, 32, 0),
(1524, 224, 32, 0),
(1525, 225, 32, 0),
(1526, 226, 32, 0),
(1527, 227, 32, 0),
(1528, 228, 32, 0),
(1529, 229, 32, 0),
(1530, 230, 32, 0),
(1531, 231, 32, 0),
(1532, 232, 32, 0),
(1533, 233, 32, 0),
(1534, 234, 32, 0),
(1535, 235, 32, 0),
(1536, 236, 32, 0),
(1537, 237, 32, 0),
(1538, 238, 32, 0),
(1539, 239, 32, 0),
(1540, 240, 32, 0),
(1541, 241, 32, 0),
(1542, 242, 32, 0),
(1543, 243, 32, 0),
(1544, 244, 32, 0),
(1545, 245, 32, 0),
(1546, 246, 32, 0),
(1547, 247, 32, 0),
(1548, 248, 32, 0),
(1549, 249, 32, 0),
(1550, 250, 32, 0),
(1551, 251, 32, 0),
(1552, 252, 32, 0),
(1553, 253, 32, 0),
(1554, 254, 32, 0),
(1555, 255, 32, 0),
(1556, 256, 32, 0),
(1557, 257, 32, 0),
(1558, 258, 32, 0),
(1559, 259, 32, 0),
(1560, 260, 32, 0),
(1561, 261, 32, 0),
(1562, 262, 32, 0),
(1563, 263, 32, 0),
(1564, 264, 32, 0),
(1565, 265, 32, 0),
(1566, 266, 32, 0),
(1567, 267, 32, 0),
(1568, 268, 32, 0),
(1569, 269, 32, 0),
(1570, 270, 32, 0),
(1571, 271, 32, 0),
(1572, 272, 32, 0),
(1573, 273, 32, 0),
(1574, 274, 32, 0),
(1575, 275, 32, 0),
(1576, 276, 32, 0),
(1577, 277, 32, 0),
(1578, 278, 32, 0),
(1579, 279, 32, 0),
(1580, 280, 32, 0),
(1581, 221, 33, 0),
(1582, 222, 33, 0),
(1583, 223, 33, 0),
(1584, 224, 33, 0),
(1585, 225, 33, 0),
(1586, 226, 33, 0),
(1587, 227, 33, 0),
(1588, 228, 33, 0),
(1589, 229, 33, 0),
(1590, 230, 33, 0),
(1591, 231, 33, 0),
(1592, 232, 33, 0),
(1593, 233, 33, 0),
(1594, 234, 33, 0),
(1595, 235, 33, 0),
(1596, 236, 33, 0),
(1597, 237, 33, 0),
(1598, 238, 33, 0),
(1599, 239, 33, 0),
(1600, 240, 33, 0),
(1601, 241, 33, 0),
(1602, 242, 33, 0),
(1603, 243, 33, 0),
(1604, 244, 33, 0),
(1605, 245, 33, 0),
(1606, 246, 33, 0),
(1607, 247, 33, 0),
(1608, 248, 33, 0),
(1609, 249, 33, 0),
(1610, 250, 33, 0),
(1611, 251, 33, 0),
(1612, 252, 33, 0),
(1613, 253, 33, 0),
(1614, 254, 33, 0),
(1615, 255, 33, 0),
(1616, 256, 33, 0),
(1617, 257, 33, 0),
(1618, 258, 33, 0),
(1619, 259, 33, 0),
(1620, 260, 33, 0),
(1621, 261, 33, 0),
(1622, 262, 33, 0),
(1623, 263, 33, 0),
(1624, 264, 33, 0),
(1625, 265, 33, 0),
(1626, 266, 33, 0),
(1627, 267, 33, 0),
(1628, 268, 33, 0),
(1629, 269, 33, 0),
(1630, 270, 33, 0),
(1631, 271, 33, 0),
(1632, 272, 33, 0),
(1633, 273, 33, 0),
(1634, 274, 33, 0),
(1635, 275, 33, 0),
(1636, 276, 33, 0),
(1637, 277, 33, 0),
(1638, 278, 33, 0),
(1639, 279, 33, 0),
(1640, 280, 33, 0),
(1641, 221, 34, 0),
(1642, 222, 34, 0),
(1643, 223, 34, 0),
(1644, 224, 34, 0),
(1645, 225, 34, 0),
(1646, 226, 34, 0),
(1647, 227, 34, 0),
(1648, 228, 34, 0),
(1649, 229, 34, 0),
(1650, 230, 34, 0),
(1651, 231, 34, 0),
(1652, 232, 34, 0),
(1653, 233, 34, 0),
(1654, 234, 34, 0),
(1655, 235, 34, 0),
(1656, 236, 34, 0),
(1657, 237, 34, 0),
(1658, 238, 34, 0),
(1659, 239, 34, 0),
(1660, 240, 34, 0),
(1661, 241, 34, 0),
(1662, 242, 34, 0),
(1663, 243, 34, 0),
(1664, 244, 34, 0),
(1665, 245, 34, 0),
(1666, 246, 34, 0),
(1667, 247, 34, 0),
(1668, 248, 34, 0),
(1669, 249, 34, 0),
(1670, 250, 34, 0),
(1671, 251, 34, 0),
(1672, 252, 34, 0),
(1673, 253, 34, 0),
(1674, 254, 34, 0),
(1675, 255, 34, 0),
(1676, 256, 34, 0),
(1677, 257, 34, 0),
(1678, 258, 34, 0),
(1679, 259, 34, 0),
(1680, 260, 34, 0),
(1681, 261, 34, 0),
(1682, 262, 34, 0),
(1683, 263, 34, 0),
(1684, 264, 34, 0),
(1685, 265, 34, 0),
(1686, 266, 34, 0),
(1687, 267, 34, 0),
(1688, 268, 34, 0),
(1689, 269, 34, 0),
(1690, 270, 34, 0),
(1691, 271, 34, 0),
(1692, 272, 34, 0),
(1693, 273, 34, 0),
(1694, 274, 34, 0),
(1695, 275, 34, 0),
(1696, 276, 34, 0),
(1697, 277, 34, 0),
(1698, 278, 34, 0),
(1699, 279, 34, 0),
(1700, 280, 34, 0),
(1701, 221, 35, 0),
(1702, 222, 35, 0),
(1703, 223, 35, 0),
(1704, 224, 35, 0),
(1705, 225, 35, 0),
(1706, 226, 35, 0),
(1707, 227, 35, 0),
(1708, 228, 35, 0),
(1709, 229, 35, 0),
(1710, 230, 35, 0),
(1711, 231, 35, 0),
(1712, 232, 35, 0),
(1713, 233, 35, 0),
(1714, 234, 35, 0),
(1715, 235, 35, 0),
(1716, 236, 35, 0),
(1717, 237, 35, 0),
(1718, 238, 35, 0),
(1719, 239, 35, 0),
(1720, 240, 35, 0),
(1721, 241, 35, 0),
(1722, 242, 35, 0),
(1723, 243, 35, 0),
(1724, 244, 35, 0),
(1725, 245, 35, 0),
(1726, 246, 35, 0),
(1727, 247, 35, 0),
(1728, 248, 35, 0),
(1729, 249, 35, 0),
(1730, 250, 35, 0),
(1731, 251, 35, 0),
(1732, 252, 35, 0),
(1733, 253, 35, 0),
(1734, 254, 35, 0),
(1735, 255, 35, 0),
(1736, 256, 35, 0),
(1737, 257, 35, 0),
(1738, 258, 35, 0),
(1739, 259, 35, 0),
(1740, 260, 35, 0),
(1741, 261, 35, 0),
(1742, 262, 35, 0),
(1743, 263, 35, 0),
(1744, 264, 35, 0),
(1745, 265, 35, 0),
(1746, 266, 35, 0),
(1747, 267, 35, 0),
(1748, 268, 35, 0),
(1749, 269, 35, 0),
(1750, 270, 35, 0),
(1751, 271, 35, 0),
(1752, 272, 35, 0),
(1753, 273, 35, 0),
(1754, 274, 35, 0),
(1755, 275, 35, 0),
(1756, 276, 35, 0),
(1757, 277, 35, 0),
(1758, 278, 35, 0),
(1759, 279, 35, 0),
(1760, 280, 35, 0),
(1761, 121, 36, 0),
(1762, 122, 36, 0),
(1763, 123, 36, 0),
(1764, 124, 36, 0),
(1765, 125, 36, 0),
(1766, 126, 36, 0),
(1767, 127, 36, 0),
(1768, 128, 36, 0),
(1769, 129, 36, 0),
(1770, 130, 36, 0),
(1771, 131, 36, 0),
(1772, 132, 36, 0),
(1773, 133, 36, 0),
(1774, 134, 36, 0),
(1775, 135, 36, 0),
(1776, 136, 36, 0),
(1777, 137, 36, 0),
(1778, 138, 36, 0),
(1779, 139, 36, 0),
(1780, 140, 36, 0),
(1781, 141, 36, 0),
(1782, 142, 36, 0),
(1783, 143, 36, 0),
(1784, 144, 36, 0),
(1785, 145, 36, 0),
(1786, 146, 36, 0),
(1787, 147, 36, 0),
(1788, 148, 36, 0),
(1789, 149, 36, 0),
(1790, 150, 36, 0),
(1791, 151, 36, 0),
(1792, 152, 36, 0),
(1793, 153, 36, 0),
(1794, 154, 36, 0),
(1795, 155, 36, 0),
(1796, 156, 36, 0),
(1797, 157, 36, 0),
(1798, 158, 36, 0),
(1799, 159, 36, 0),
(1800, 160, 36, 0),
(1801, 161, 36, 0),
(1802, 162, 36, 0),
(1803, 163, 36, 0),
(1804, 164, 36, 0),
(1805, 165, 36, 0),
(1806, 166, 36, 0),
(1807, 167, 36, 0),
(1808, 168, 36, 0),
(1809, 169, 36, 0),
(1810, 170, 36, 0),
(1811, 171, 36, 0),
(1812, 172, 36, 0),
(1813, 173, 36, 0),
(1814, 174, 36, 0),
(1815, 175, 36, 0),
(1816, 176, 36, 0),
(1817, 177, 36, 0),
(1818, 178, 36, 0),
(1819, 179, 36, 0),
(1820, 180, 36, 0),
(1821, 121, 37, 0),
(1822, 122, 37, 0),
(1823, 123, 37, 0),
(1824, 124, 37, 0),
(1825, 125, 37, 0),
(1826, 126, 37, 0),
(1827, 127, 37, 0),
(1828, 128, 37, 0),
(1829, 129, 37, 0),
(1830, 130, 37, 0),
(1831, 131, 37, 0),
(1832, 132, 37, 0),
(1833, 133, 37, 0),
(1834, 134, 37, 0),
(1835, 135, 37, 0),
(1836, 136, 37, 0),
(1837, 137, 37, 0),
(1838, 138, 37, 0),
(1839, 139, 37, 0),
(1840, 140, 37, 0),
(1841, 141, 37, 0),
(1842, 142, 37, 0),
(1843, 143, 37, 0),
(1844, 144, 37, 0),
(1845, 145, 37, 0),
(1846, 146, 37, 0),
(1847, 147, 37, 0),
(1848, 148, 37, 0),
(1849, 149, 37, 0),
(1850, 150, 37, 0),
(1851, 151, 37, 0),
(1852, 152, 37, 0),
(1853, 153, 37, 0),
(1854, 154, 37, 0),
(1855, 155, 37, 0),
(1856, 156, 37, 0),
(1857, 157, 37, 0),
(1858, 158, 37, 0),
(1859, 159, 37, 0),
(1860, 160, 37, 0),
(1861, 161, 37, 0),
(1862, 162, 37, 0),
(1863, 163, 37, 0),
(1864, 164, 37, 0),
(1865, 165, 37, 0),
(1866, 166, 37, 0),
(1867, 167, 37, 0),
(1868, 168, 37, 0),
(1869, 169, 37, 0),
(1870, 170, 37, 0),
(1871, 171, 37, 0),
(1872, 172, 37, 0),
(1873, 173, 37, 0),
(1874, 174, 37, 0),
(1875, 175, 37, 0),
(1876, 176, 37, 0),
(1877, 177, 37, 0),
(1878, 178, 37, 0),
(1879, 179, 37, 0),
(1880, 180, 37, 0),
(1881, 61, 38, 0),
(1882, 62, 38, 0),
(1883, 63, 38, 0),
(1884, 64, 38, 0),
(1885, 65, 38, 0),
(1886, 66, 38, 0),
(1887, 67, 38, 0),
(1888, 68, 38, 0),
(1889, 69, 38, 0),
(1890, 70, 38, 0),
(1891, 71, 38, 0),
(1892, 72, 38, 0),
(1893, 73, 38, 0),
(1894, 74, 38, 0),
(1895, 75, 38, 0),
(1896, 76, 38, 0),
(1897, 77, 38, 0),
(1898, 78, 38, 0),
(1899, 79, 38, 0),
(1900, 80, 38, 0),
(1901, 81, 38, 0),
(1902, 82, 38, 0),
(1903, 83, 38, 0),
(1904, 84, 38, 0),
(1905, 85, 38, 0),
(1906, 86, 38, 0),
(1907, 87, 38, 0),
(1908, 88, 38, 0),
(1909, 89, 38, 0),
(1910, 90, 38, 0),
(1911, 91, 38, 0),
(1912, 92, 38, 0),
(1913, 93, 38, 0),
(1914, 94, 38, 0),
(1915, 95, 38, 0),
(1916, 96, 38, 0),
(1917, 97, 38, 0),
(1918, 98, 38, 0),
(1919, 99, 38, 0),
(1920, 100, 38, 0),
(1921, 101, 38, 0),
(1922, 102, 38, 0),
(1923, 103, 38, 0),
(1924, 104, 38, 0),
(1925, 105, 38, 0),
(1926, 106, 38, 0),
(1927, 107, 38, 0),
(1928, 108, 38, 0),
(1929, 109, 38, 0),
(1930, 110, 38, 0),
(1931, 111, 38, 0),
(1932, 112, 38, 0),
(1933, 113, 38, 0),
(1934, 114, 38, 0),
(1935, 115, 38, 0),
(1936, 116, 38, 0),
(1937, 117, 38, 0),
(1938, 118, 38, 0),
(1939, 119, 38, 0),
(1940, 120, 38, 0),
(1941, 1, 1, 3),
(1942, 2, 1, 3),
(1943, 3, 1, 3),
(1944, 4, 1, 3),
(1945, 5, 1, 3),
(1946, 181, 39, 0),
(1947, 182, 39, 0),
(1948, 183, 39, 0),
(1949, 184, 39, 0),
(1950, 185, 39, 0),
(1951, 186, 39, 0),
(1952, 187, 39, 0),
(1953, 188, 39, 0),
(1954, 189, 39, 0),
(1955, 190, 39, 0),
(1956, 191, 39, 0),
(1957, 192, 39, 0),
(1958, 193, 39, 0),
(1959, 194, 39, 0),
(1960, 195, 39, 0),
(1961, 196, 39, 0),
(1962, 197, 39, 0),
(1963, 198, 39, 0),
(1964, 199, 39, 0),
(1965, 200, 39, 0),
(1966, 1, 40, 0),
(1967, 2, 40, 0),
(1968, 3, 40, 0),
(1969, 4, 40, 0),
(1970, 5, 40, 0),
(1971, 6, 40, 0),
(1972, 7, 40, 0),
(1973, 8, 40, 0),
(1974, 9, 40, 0),
(1975, 10, 40, 0),
(1976, 11, 40, 0),
(1977, 12, 40, 0),
(1978, 13, 40, 0),
(1979, 14, 40, 0),
(1980, 15, 40, 0),
(1981, 16, 40, 0),
(1982, 17, 40, 0),
(1983, 18, 40, 0),
(1984, 19, 40, 0),
(1985, 20, 40, 0),
(1986, 21, 40, 0),
(1987, 22, 40, 0),
(1988, 23, 40, 0),
(1989, 24, 40, 0),
(1990, 25, 40, 0),
(1991, 26, 40, 0),
(1992, 27, 40, 0),
(1993, 28, 40, 0),
(1994, 29, 40, 0),
(1995, 30, 40, 0),
(1996, 31, 40, 0),
(1997, 32, 40, 0),
(1998, 33, 40, 0),
(1999, 34, 40, 0),
(2000, 35, 40, 0),
(2001, 36, 40, 0),
(2002, 37, 40, 0),
(2003, 38, 40, 0),
(2004, 39, 40, 0),
(2005, 40, 40, 0),
(2006, 41, 40, 0),
(2007, 42, 40, 0),
(2008, 43, 40, 0),
(2009, 44, 40, 0),
(2010, 45, 40, 0),
(2011, 46, 40, 0),
(2012, 47, 40, 0),
(2013, 48, 40, 0),
(2014, 49, 40, 0),
(2015, 50, 40, 0),
(2016, 51, 40, 0),
(2017, 52, 40, 0),
(2018, 53, 40, 0),
(2019, 54, 40, 0),
(2020, 55, 40, 0),
(2021, 56, 40, 0),
(2022, 57, 40, 0),
(2023, 58, 40, 0),
(2024, 59, 40, 0),
(2025, 60, 40, 0),
(2026, 1, 41, 0),
(2027, 2, 41, 0),
(2028, 3, 41, 0),
(2029, 4, 41, 0),
(2030, 5, 41, 0),
(2031, 6, 41, 0),
(2032, 7, 41, 0),
(2033, 8, 41, 0),
(2034, 9, 41, 0),
(2035, 10, 41, 0),
(2036, 11, 41, 0),
(2037, 12, 41, 0),
(2038, 13, 41, 0),
(2039, 14, 41, 0),
(2040, 15, 41, 0),
(2041, 16, 41, 0),
(2042, 17, 41, 0),
(2043, 18, 41, 0),
(2044, 19, 41, 0),
(2045, 20, 41, 0),
(2046, 21, 41, 0),
(2047, 22, 41, 0),
(2048, 23, 41, 0),
(2049, 24, 41, 0),
(2050, 25, 41, 0),
(2051, 26, 41, 0),
(2052, 27, 41, 0),
(2053, 28, 41, 0),
(2054, 29, 41, 0),
(2055, 30, 41, 0),
(2056, 31, 41, 0),
(2057, 32, 41, 0),
(2058, 33, 41, 0),
(2059, 34, 41, 0),
(2060, 35, 41, 0),
(2061, 36, 41, 0),
(2062, 37, 41, 0),
(2063, 38, 41, 0),
(2064, 39, 41, 0),
(2065, 40, 41, 0),
(2066, 41, 41, 0),
(2067, 42, 41, 0),
(2068, 43, 41, 0),
(2069, 44, 41, 0),
(2070, 45, 41, 0),
(2071, 46, 41, 0),
(2072, 47, 41, 0),
(2073, 48, 41, 0),
(2074, 49, 41, 0),
(2075, 50, 41, 0),
(2076, 51, 41, 0),
(2077, 52, 41, 0),
(2078, 53, 41, 0),
(2079, 54, 41, 0),
(2080, 55, 41, 0),
(2081, 56, 41, 0),
(2082, 57, 41, 0),
(2083, 58, 41, 0),
(2084, 59, 41, 0),
(2085, 60, 41, 0),
(2086, 1, 42, 0),
(2087, 2, 42, 0),
(2088, 3, 42, 0),
(2089, 4, 42, 0),
(2090, 5, 42, 0),
(2091, 6, 42, 0),
(2092, 7, 42, 0),
(2093, 8, 42, 0),
(2094, 9, 42, 0),
(2095, 10, 42, 0),
(2096, 11, 42, 0),
(2097, 12, 42, 0),
(2098, 13, 42, 0),
(2099, 14, 42, 0),
(2100, 15, 42, 0),
(2101, 16, 42, 0),
(2102, 17, 42, 0),
(2103, 18, 42, 0),
(2104, 19, 42, 0),
(2105, 20, 42, 0),
(2106, 21, 42, 0),
(2107, 22, 42, 0),
(2108, 23, 42, 0),
(2109, 24, 42, 0),
(2110, 25, 42, 0),
(2111, 26, 42, 0),
(2112, 27, 42, 0),
(2113, 28, 42, 0),
(2114, 29, 42, 0),
(2115, 30, 42, 0),
(2116, 31, 42, 0),
(2117, 32, 42, 0),
(2118, 33, 42, 0),
(2119, 34, 42, 0),
(2120, 35, 42, 0),
(2121, 36, 42, 0),
(2122, 37, 42, 0),
(2123, 38, 42, 0),
(2124, 39, 42, 0),
(2125, 40, 42, 0),
(2126, 41, 42, 0),
(2127, 42, 42, 0),
(2128, 43, 42, 0),
(2129, 44, 42, 0),
(2130, 45, 42, 0),
(2131, 46, 42, 0),
(2132, 47, 42, 0),
(2133, 48, 42, 0),
(2134, 49, 42, 0),
(2135, 50, 42, 0),
(2136, 51, 42, 0),
(2137, 52, 42, 0),
(2138, 53, 42, 0),
(2139, 54, 42, 0),
(2140, 55, 42, 0),
(2141, 56, 42, 0),
(2142, 57, 42, 0),
(2143, 58, 42, 0),
(2144, 59, 42, 0),
(2145, 60, 42, 0),
(2146, 1, 43, 0),
(2147, 2, 43, 0),
(2148, 3, 43, 0),
(2149, 4, 43, 0),
(2150, 5, 43, 0),
(2151, 6, 43, 0),
(2152, 7, 43, 0),
(2153, 8, 43, 0),
(2154, 9, 43, 0),
(2155, 10, 43, 0),
(2156, 11, 43, 0),
(2157, 12, 43, 0),
(2158, 13, 43, 0),
(2159, 14, 43, 0),
(2160, 15, 43, 0),
(2161, 16, 43, 0),
(2162, 17, 43, 0),
(2163, 18, 43, 0),
(2164, 19, 43, 0),
(2165, 20, 43, 0),
(2166, 21, 43, 0),
(2167, 22, 43, 0),
(2168, 23, 43, 0),
(2169, 24, 43, 0),
(2170, 25, 43, 0),
(2171, 26, 43, 0),
(2172, 27, 43, 0),
(2173, 28, 43, 0),
(2174, 29, 43, 0),
(2175, 30, 43, 0),
(2176, 31, 43, 0),
(2177, 32, 43, 0),
(2178, 33, 43, 0),
(2179, 34, 43, 0),
(2180, 35, 43, 0),
(2181, 36, 43, 0),
(2182, 37, 43, 0),
(2183, 38, 43, 0),
(2184, 39, 43, 0),
(2185, 40, 43, 0),
(2186, 41, 43, 0),
(2187, 42, 43, 0),
(2188, 43, 43, 0),
(2189, 44, 43, 0),
(2190, 45, 43, 0),
(2191, 46, 43, 0),
(2192, 47, 43, 0),
(2193, 48, 43, 0),
(2194, 49, 43, 0),
(2195, 50, 43, 0),
(2196, 51, 43, 0),
(2197, 52, 43, 0),
(2198, 53, 43, 0),
(2199, 54, 43, 0),
(2200, 55, 43, 0),
(2201, 56, 43, 0),
(2202, 57, 43, 0),
(2203, 58, 43, 0),
(2204, 59, 43, 0),
(2205, 60, 43, 0),
(2206, 1, 44, 0),
(2207, 2, 44, 0),
(2208, 3, 44, 0),
(2209, 4, 44, 0),
(2210, 5, 44, 0),
(2211, 6, 44, 0),
(2212, 7, 44, 0),
(2213, 8, 44, 0),
(2214, 9, 44, 0),
(2215, 10, 44, 0),
(2216, 11, 44, 0),
(2217, 12, 44, 0),
(2218, 13, 44, 0),
(2219, 14, 44, 0),
(2220, 15, 44, 0),
(2221, 16, 44, 0),
(2222, 17, 44, 0),
(2223, 18, 44, 0),
(2224, 19, 44, 0),
(2225, 20, 44, 0),
(2226, 21, 44, 0),
(2227, 22, 44, 0),
(2228, 23, 44, 0),
(2229, 24, 44, 0),
(2230, 25, 44, 0),
(2231, 26, 44, 0),
(2232, 27, 44, 0),
(2233, 28, 44, 0),
(2234, 29, 44, 0),
(2235, 30, 44, 0),
(2236, 31, 44, 0),
(2237, 32, 44, 0),
(2238, 33, 44, 0),
(2239, 34, 44, 0),
(2240, 35, 44, 0),
(2241, 36, 44, 0),
(2242, 37, 44, 0),
(2243, 38, 44, 0),
(2244, 39, 44, 0),
(2245, 40, 44, 0),
(2246, 41, 44, 0),
(2247, 42, 44, 0),
(2248, 43, 44, 0),
(2249, 44, 44, 0),
(2250, 45, 44, 0),
(2251, 46, 44, 0),
(2252, 47, 44, 0),
(2253, 48, 44, 0),
(2254, 49, 44, 0),
(2255, 50, 44, 0),
(2256, 51, 44, 0),
(2257, 52, 44, 0),
(2258, 53, 44, 0),
(2259, 54, 44, 0),
(2260, 55, 44, 0),
(2261, 56, 44, 0),
(2262, 57, 44, 0),
(2263, 58, 44, 0),
(2264, 59, 44, 0),
(2265, 60, 44, 0),
(2266, 1, 45, 0),
(2267, 2, 45, 0),
(2268, 3, 45, 0),
(2269, 4, 45, 0),
(2270, 5, 45, 0),
(2271, 6, 45, 0),
(2272, 7, 45, 0),
(2273, 8, 45, 0),
(2274, 9, 45, 0),
(2275, 10, 45, 0),
(2276, 11, 45, 0),
(2277, 12, 45, 0),
(2278, 13, 45, 0),
(2279, 14, 45, 0),
(2280, 15, 45, 0),
(2281, 16, 45, 0),
(2282, 17, 45, 0),
(2283, 18, 45, 0),
(2284, 19, 45, 0),
(2285, 20, 45, 0),
(2286, 21, 45, 0),
(2287, 22, 45, 0),
(2288, 23, 45, 0),
(2289, 24, 45, 0),
(2290, 25, 45, 0),
(2291, 26, 45, 0),
(2292, 27, 45, 0),
(2293, 28, 45, 0),
(2294, 29, 45, 0),
(2295, 30, 45, 0),
(2296, 31, 45, 0),
(2297, 32, 45, 0),
(2298, 33, 45, 0),
(2299, 34, 45, 0),
(2300, 35, 45, 0),
(2301, 36, 45, 0),
(2302, 37, 45, 0),
(2303, 38, 45, 0),
(2304, 39, 45, 0),
(2305, 40, 45, 0),
(2306, 41, 45, 0),
(2307, 42, 45, 0),
(2308, 43, 45, 0),
(2309, 44, 45, 0),
(2310, 45, 45, 0),
(2311, 46, 45, 0),
(2312, 47, 45, 0),
(2313, 48, 45, 0),
(2314, 49, 45, 0),
(2315, 50, 45, 0),
(2316, 51, 45, 0),
(2317, 52, 45, 0),
(2318, 53, 45, 0),
(2319, 54, 45, 0),
(2320, 55, 45, 0),
(2321, 56, 45, 0),
(2322, 57, 45, 0),
(2323, 58, 45, 0),
(2324, 59, 45, 0),
(2325, 60, 45, 0),
(2326, 61, 46, 0),
(2327, 62, 46, 0),
(2328, 63, 46, 0),
(2329, 64, 46, 0),
(2330, 65, 46, 0),
(2331, 66, 46, 0),
(2332, 67, 46, 0),
(2333, 68, 46, 0),
(2334, 69, 46, 0),
(2335, 70, 46, 0),
(2336, 71, 46, 0),
(2337, 72, 46, 0),
(2338, 73, 46, 0),
(2339, 74, 46, 0),
(2340, 75, 46, 0),
(2341, 76, 46, 0),
(2342, 77, 46, 0),
(2343, 78, 46, 0),
(2344, 79, 46, 0),
(2345, 80, 46, 0),
(2346, 81, 46, 0),
(2347, 82, 46, 0),
(2348, 83, 46, 0),
(2349, 84, 46, 0),
(2350, 85, 46, 0),
(2351, 86, 46, 0),
(2352, 87, 46, 0),
(2353, 88, 46, 0),
(2354, 89, 46, 0),
(2355, 90, 46, 0),
(2356, 91, 46, 0),
(2357, 92, 46, 0),
(2358, 93, 46, 0),
(2359, 94, 46, 0),
(2360, 95, 46, 0),
(2361, 96, 46, 0),
(2362, 97, 46, 0),
(2363, 98, 46, 0),
(2364, 99, 46, 0),
(2365, 100, 46, 0),
(2366, 101, 46, 0),
(2367, 102, 46, 0),
(2368, 103, 46, 0),
(2369, 104, 46, 0),
(2370, 105, 46, 0),
(2371, 106, 46, 0),
(2372, 107, 46, 0),
(2373, 108, 46, 0),
(2374, 109, 46, 0),
(2375, 110, 46, 0),
(2376, 111, 46, 0),
(2377, 112, 46, 0),
(2378, 113, 46, 0),
(2379, 114, 46, 0),
(2380, 115, 46, 0),
(2381, 116, 46, 0),
(2382, 117, 46, 0),
(2383, 118, 46, 0),
(2384, 119, 46, 0),
(2385, 120, 46, 0),
(2386, 61, 47, 0),
(2387, 62, 47, 0),
(2388, 63, 47, 0),
(2389, 64, 47, 0),
(2390, 65, 47, 0),
(2391, 66, 47, 0),
(2392, 67, 47, 0),
(2393, 68, 47, 0),
(2394, 69, 47, 0),
(2395, 70, 47, 0),
(2396, 71, 47, 0),
(2397, 72, 47, 0),
(2398, 73, 47, 0),
(2399, 74, 47, 0),
(2400, 75, 47, 0),
(2401, 76, 47, 0),
(2402, 77, 47, 0),
(2403, 78, 47, 0),
(2404, 79, 47, 0),
(2405, 80, 47, 0),
(2406, 81, 47, 0),
(2407, 82, 47, 0),
(2408, 83, 47, 0),
(2409, 84, 47, 0),
(2410, 85, 47, 0),
(2411, 86, 47, 0),
(2412, 87, 47, 0),
(2413, 88, 47, 0),
(2414, 89, 47, 0),
(2415, 90, 47, 0),
(2416, 91, 47, 0),
(2417, 92, 47, 0),
(2418, 93, 47, 0),
(2419, 94, 47, 0),
(2420, 95, 47, 0),
(2421, 96, 47, 0),
(2422, 97, 47, 0),
(2423, 98, 47, 0),
(2424, 99, 47, 0),
(2425, 100, 47, 0),
(2426, 101, 47, 0),
(2427, 102, 47, 0),
(2428, 103, 47, 0),
(2429, 104, 47, 0),
(2430, 105, 47, 0),
(2431, 106, 47, 0),
(2432, 107, 47, 0),
(2433, 108, 47, 0),
(2434, 109, 47, 0),
(2435, 110, 47, 0),
(2436, 111, 47, 0),
(2437, 112, 47, 0),
(2438, 113, 47, 0),
(2439, 114, 47, 0),
(2440, 115, 47, 0),
(2441, 116, 47, 0),
(2442, 117, 47, 0),
(2443, 118, 47, 0),
(2444, 119, 47, 0),
(2445, 120, 47, 0),
(2446, 61, 48, 0),
(2447, 62, 48, 0),
(2448, 63, 48, 0),
(2449, 64, 48, 0),
(2450, 65, 48, 0),
(2451, 66, 48, 0),
(2452, 67, 48, 0),
(2453, 68, 48, 0),
(2454, 69, 48, 0),
(2455, 70, 48, 0),
(2456, 71, 48, 0),
(2457, 72, 48, 0),
(2458, 73, 48, 0),
(2459, 74, 48, 0),
(2460, 75, 48, 0),
(2461, 76, 48, 0),
(2462, 77, 48, 0),
(2463, 78, 48, 0),
(2464, 79, 48, 0),
(2465, 80, 48, 0),
(2466, 81, 48, 0),
(2467, 82, 48, 0),
(2468, 83, 48, 0),
(2469, 84, 48, 0),
(2470, 85, 48, 0),
(2471, 86, 48, 0),
(2472, 87, 48, 0),
(2473, 88, 48, 0),
(2474, 89, 48, 0),
(2475, 90, 48, 0),
(2476, 91, 48, 0),
(2477, 92, 48, 0),
(2478, 93, 48, 0),
(2479, 94, 48, 0),
(2480, 95, 48, 0),
(2481, 96, 48, 0),
(2482, 97, 48, 0),
(2483, 98, 48, 0),
(2484, 99, 48, 0),
(2485, 100, 48, 0),
(2486, 101, 48, 0),
(2487, 102, 48, 0),
(2488, 103, 48, 0),
(2489, 104, 48, 0),
(2490, 105, 48, 0),
(2491, 106, 48, 0),
(2492, 107, 48, 0),
(2493, 108, 48, 0),
(2494, 109, 48, 0),
(2495, 110, 48, 0),
(2496, 111, 48, 0),
(2497, 112, 48, 0),
(2498, 113, 48, 0),
(2499, 114, 48, 0),
(2500, 115, 48, 0),
(2501, 116, 48, 0),
(2502, 117, 48, 0),
(2503, 118, 48, 0),
(2504, 119, 48, 0),
(2505, 120, 48, 0),
(2506, 181, 49, 0),
(2507, 182, 49, 0),
(2508, 183, 49, 0),
(2509, 184, 49, 0),
(2510, 185, 49, 0),
(2511, 186, 49, 0),
(2512, 187, 49, 0),
(2513, 188, 49, 0),
(2514, 189, 49, 0),
(2515, 190, 49, 0),
(2516, 191, 49, 0),
(2517, 192, 49, 0),
(2518, 193, 49, 0),
(2519, 194, 49, 0),
(2520, 195, 49, 0),
(2521, 196, 49, 0),
(2522, 197, 49, 0),
(2523, 198, 49, 0),
(2524, 199, 49, 0),
(2525, 200, 49, 0),
(2526, 221, 50, 0),
(2527, 222, 50, 0),
(2528, 223, 50, 0),
(2529, 224, 50, 0),
(2530, 225, 50, 0),
(2531, 226, 50, 0),
(2532, 227, 50, 0),
(2533, 228, 50, 0),
(2534, 229, 50, 0),
(2535, 230, 50, 0),
(2536, 231, 50, 0),
(2537, 232, 50, 0),
(2538, 233, 50, 0),
(2539, 234, 50, 0),
(2540, 235, 50, 0),
(2541, 236, 50, 0),
(2542, 237, 50, 0),
(2543, 238, 50, 0),
(2544, 239, 50, 0),
(2545, 240, 50, 0),
(2546, 241, 50, 0),
(2547, 242, 50, 0),
(2548, 243, 50, 0),
(2549, 244, 50, 0),
(2550, 245, 50, 0),
(2551, 246, 50, 0),
(2552, 247, 50, 0),
(2553, 248, 50, 0),
(2554, 249, 50, 0),
(2555, 250, 50, 0),
(2556, 251, 50, 0),
(2557, 252, 50, 0),
(2558, 253, 50, 0),
(2559, 254, 50, 0),
(2560, 255, 50, 0),
(2561, 256, 50, 0),
(2562, 257, 50, 0),
(2563, 258, 50, 0),
(2564, 259, 50, 0),
(2565, 260, 50, 0),
(2566, 261, 50, 0),
(2567, 262, 50, 0),
(2568, 263, 50, 0),
(2569, 264, 50, 0),
(2570, 265, 50, 0),
(2571, 266, 50, 0),
(2572, 267, 50, 0),
(2573, 268, 50, 0),
(2574, 269, 50, 0),
(2575, 270, 50, 0),
(2576, 271, 50, 0),
(2577, 272, 50, 0),
(2578, 273, 50, 0),
(2579, 274, 50, 0),
(2580, 275, 50, 0),
(2581, 276, 50, 0),
(2582, 277, 50, 0),
(2583, 278, 50, 0),
(2584, 279, 50, 0),
(2585, 280, 50, 0),
(2586, 221, 51, 0),
(2587, 222, 51, 0),
(2588, 223, 51, 0),
(2589, 224, 51, 0),
(2590, 225, 51, 0),
(2591, 226, 51, 0),
(2592, 227, 51, 0),
(2593, 228, 51, 0),
(2594, 229, 51, 0),
(2595, 230, 51, 0),
(2596, 231, 51, 0),
(2597, 232, 51, 0),
(2598, 233, 51, 0),
(2599, 234, 51, 0),
(2600, 235, 51, 0),
(2601, 236, 51, 0),
(2602, 237, 51, 0),
(2603, 238, 51, 0),
(2604, 239, 51, 0),
(2605, 240, 51, 0),
(2606, 241, 51, 0),
(2607, 242, 51, 0),
(2608, 243, 51, 0),
(2609, 244, 51, 0),
(2610, 245, 51, 0),
(2611, 246, 51, 0),
(2612, 247, 51, 0),
(2613, 248, 51, 0),
(2614, 249, 51, 0),
(2615, 250, 51, 0),
(2616, 251, 51, 0),
(2617, 252, 51, 0),
(2618, 253, 51, 0),
(2619, 254, 51, 0),
(2620, 255, 51, 0),
(2621, 256, 51, 0),
(2622, 257, 51, 0),
(2623, 258, 51, 0),
(2624, 259, 51, 0),
(2625, 260, 51, 0),
(2626, 261, 51, 0),
(2627, 262, 51, 0),
(2628, 263, 51, 0),
(2629, 264, 51, 0),
(2630, 265, 51, 0),
(2631, 266, 51, 0),
(2632, 267, 51, 0),
(2633, 268, 51, 0),
(2634, 269, 51, 0),
(2635, 270, 51, 0),
(2636, 271, 51, 0),
(2637, 272, 51, 0),
(2638, 273, 51, 0),
(2639, 274, 51, 0),
(2640, 275, 51, 0),
(2641, 276, 51, 0),
(2642, 277, 51, 0),
(2643, 278, 51, 0),
(2644, 279, 51, 0),
(2645, 280, 51, 0),
(2646, 221, 52, 0),
(2647, 222, 52, 0),
(2648, 223, 52, 0),
(2649, 224, 52, 0),
(2650, 225, 52, 0),
(2651, 226, 52, 0),
(2652, 227, 52, 0),
(2653, 228, 52, 0),
(2654, 229, 52, 0),
(2655, 230, 52, 0),
(2656, 231, 52, 0),
(2657, 232, 52, 0),
(2658, 233, 52, 0),
(2659, 234, 52, 0),
(2660, 235, 52, 0),
(2661, 236, 52, 0),
(2662, 237, 52, 0),
(2663, 238, 52, 0),
(2664, 239, 52, 0),
(2665, 240, 52, 0),
(2666, 241, 52, 0),
(2667, 242, 52, 0),
(2668, 243, 52, 0),
(2669, 244, 52, 0),
(2670, 245, 52, 0),
(2671, 246, 52, 0),
(2672, 247, 52, 0),
(2673, 248, 52, 0),
(2674, 249, 52, 0),
(2675, 250, 52, 0),
(2676, 251, 52, 0),
(2677, 252, 52, 0),
(2678, 253, 52, 0),
(2679, 254, 52, 0),
(2680, 255, 52, 0),
(2681, 256, 52, 0),
(2682, 257, 52, 0),
(2683, 258, 52, 0),
(2684, 259, 52, 0),
(2685, 260, 52, 0),
(2686, 261, 52, 0),
(2687, 262, 52, 0),
(2688, 263, 52, 0),
(2689, 264, 52, 0),
(2690, 265, 52, 0),
(2691, 266, 52, 0),
(2692, 267, 52, 0),
(2693, 268, 52, 0),
(2694, 269, 52, 0),
(2695, 270, 52, 0),
(2696, 271, 52, 0),
(2697, 272, 52, 0),
(2698, 273, 52, 0),
(2699, 274, 52, 0),
(2700, 275, 52, 0),
(2701, 276, 52, 0),
(2702, 277, 52, 0),
(2703, 278, 52, 0),
(2704, 279, 52, 0),
(2705, 280, 52, 0),
(2706, 221, 53, 0),
(2707, 222, 53, 0),
(2708, 223, 53, 0),
(2709, 224, 53, 0),
(2710, 225, 53, 0),
(2711, 226, 53, 0),
(2712, 227, 53, 0),
(2713, 228, 53, 0),
(2714, 229, 53, 0),
(2715, 230, 53, 0),
(2716, 231, 53, 0),
(2717, 232, 53, 0),
(2718, 233, 53, 0),
(2719, 234, 53, 0),
(2720, 235, 53, 0),
(2721, 236, 53, 0),
(2722, 237, 53, 0),
(2723, 238, 53, 0),
(2724, 239, 53, 0),
(2725, 240, 53, 0),
(2726, 241, 53, 0),
(2727, 242, 53, 0),
(2728, 243, 53, 0),
(2729, 244, 53, 0),
(2730, 245, 53, 0),
(2731, 246, 53, 0),
(2732, 247, 53, 0),
(2733, 248, 53, 0),
(2734, 249, 53, 0),
(2735, 250, 53, 0),
(2736, 251, 53, 0),
(2737, 252, 53, 0),
(2738, 253, 53, 0),
(2739, 254, 53, 0),
(2740, 255, 53, 0),
(2741, 256, 53, 0),
(2742, 257, 53, 0),
(2743, 258, 53, 0),
(2744, 259, 53, 0),
(2745, 260, 53, 0),
(2746, 261, 53, 0),
(2747, 262, 53, 0),
(2748, 263, 53, 0),
(2749, 264, 53, 0),
(2750, 265, 53, 0),
(2751, 266, 53, 0),
(2752, 267, 53, 0),
(2753, 268, 53, 0),
(2754, 269, 53, 0),
(2755, 270, 53, 0),
(2756, 271, 53, 0),
(2757, 272, 53, 0),
(2758, 273, 53, 0),
(2759, 274, 53, 0),
(2760, 275, 53, 0),
(2761, 276, 53, 0),
(2762, 277, 53, 0),
(2763, 278, 53, 0),
(2764, 279, 53, 0),
(2765, 280, 53, 0),
(2766, 221, 54, 0),
(2767, 222, 54, 0),
(2768, 223, 54, 0),
(2769, 224, 54, 0),
(2770, 225, 54, 0),
(2771, 226, 54, 0),
(2772, 227, 54, 0),
(2773, 228, 54, 0),
(2774, 229, 54, 0),
(2775, 230, 54, 0),
(2776, 231, 54, 0),
(2777, 232, 54, 0),
(2778, 233, 54, 0),
(2779, 234, 54, 0),
(2780, 235, 54, 0),
(2781, 236, 54, 0),
(2782, 237, 54, 0),
(2783, 238, 54, 0),
(2784, 239, 54, 0),
(2785, 240, 54, 0),
(2786, 241, 54, 0),
(2787, 242, 54, 0),
(2788, 243, 54, 0),
(2789, 244, 54, 0),
(2790, 245, 54, 0),
(2791, 246, 54, 0),
(2792, 247, 54, 0),
(2793, 248, 54, 0),
(2794, 249, 54, 0),
(2795, 250, 54, 0),
(2796, 251, 54, 0),
(2797, 252, 54, 0),
(2798, 253, 54, 0),
(2799, 254, 54, 0),
(2800, 255, 54, 0),
(2801, 256, 54, 0),
(2802, 257, 54, 0),
(2803, 258, 54, 0),
(2804, 259, 54, 0),
(2805, 260, 54, 0),
(2806, 261, 54, 0),
(2807, 262, 54, 0),
(2808, 263, 54, 0),
(2809, 264, 54, 0),
(2810, 265, 54, 0),
(2811, 266, 54, 0),
(2812, 267, 54, 0),
(2813, 268, 54, 0),
(2814, 269, 54, 0),
(2815, 270, 54, 0),
(2816, 271, 54, 0),
(2817, 272, 54, 0),
(2818, 273, 54, 0),
(2819, 274, 54, 0),
(2820, 275, 54, 0),
(2821, 276, 54, 0),
(2822, 277, 54, 0),
(2823, 278, 54, 0),
(2824, 279, 54, 0),
(2825, 280, 54, 0),
(2826, 221, 55, 0),
(2827, 222, 55, 0),
(2828, 223, 55, 0),
(2829, 224, 55, 0),
(2830, 225, 55, 0),
(2831, 226, 55, 0),
(2832, 227, 55, 0),
(2833, 228, 55, 0),
(2834, 229, 55, 0),
(2835, 230, 55, 0),
(2836, 231, 55, 0),
(2837, 232, 55, 0),
(2838, 233, 55, 0),
(2839, 234, 55, 0),
(2840, 235, 55, 0),
(2841, 236, 55, 0),
(2842, 237, 55, 0),
(2843, 238, 55, 0),
(2844, 239, 55, 0),
(2845, 240, 55, 0),
(2846, 241, 55, 0),
(2847, 242, 55, 0),
(2848, 243, 55, 0),
(2849, 244, 55, 0),
(2850, 245, 55, 0),
(2851, 246, 55, 0),
(2852, 247, 55, 0),
(2853, 248, 55, 0),
(2854, 249, 55, 0),
(2855, 250, 55, 0),
(2856, 251, 55, 0),
(2857, 252, 55, 0),
(2858, 253, 55, 0),
(2859, 254, 55, 0),
(2860, 255, 55, 0),
(2861, 256, 55, 0),
(2862, 257, 55, 0),
(2863, 258, 55, 0),
(2864, 259, 55, 0),
(2865, 260, 55, 0),
(2866, 261, 55, 0),
(2867, 262, 55, 0),
(2868, 263, 55, 0),
(2869, 264, 55, 0),
(2870, 265, 55, 0),
(2871, 266, 55, 0),
(2872, 267, 55, 0),
(2873, 268, 55, 0),
(2874, 269, 55, 0),
(2875, 270, 55, 0),
(2876, 271, 55, 0),
(2877, 272, 55, 0),
(2878, 273, 55, 0),
(2879, 274, 55, 0),
(2880, 275, 55, 0),
(2881, 276, 55, 0),
(2882, 277, 55, 0),
(2883, 278, 55, 0),
(2884, 279, 55, 0),
(2885, 280, 55, 0),
(2886, 221, 56, 0),
(2887, 222, 56, 0),
(2888, 223, 56, 0),
(2889, 224, 56, 0),
(2890, 225, 56, 0),
(2891, 226, 56, 0),
(2892, 227, 56, 0),
(2893, 228, 56, 0),
(2894, 229, 56, 0),
(2895, 230, 56, 0),
(2896, 231, 56, 0),
(2897, 232, 56, 0),
(2898, 233, 56, 0),
(2899, 234, 56, 0),
(2900, 235, 56, 0),
(2901, 236, 56, 0),
(2902, 237, 56, 0),
(2903, 238, 56, 0),
(2904, 239, 56, 0),
(2905, 240, 56, 0),
(2906, 241, 56, 0),
(2907, 242, 56, 0),
(2908, 243, 56, 0),
(2909, 244, 56, 0),
(2910, 245, 56, 0),
(2911, 246, 56, 0),
(2912, 247, 56, 0),
(2913, 248, 56, 0),
(2914, 249, 56, 0),
(2915, 250, 56, 0),
(2916, 251, 56, 0),
(2917, 252, 56, 0),
(2918, 253, 56, 0),
(2919, 254, 56, 0),
(2920, 255, 56, 0),
(2921, 256, 56, 0),
(2922, 257, 56, 0),
(2923, 258, 56, 0),
(2924, 259, 56, 0),
(2925, 260, 56, 0),
(2926, 261, 56, 0),
(2927, 262, 56, 0),
(2928, 263, 56, 0),
(2929, 264, 56, 0),
(2930, 265, 56, 0),
(2931, 266, 56, 0),
(2932, 267, 56, 0),
(2933, 268, 56, 0),
(2934, 269, 56, 0),
(2935, 270, 56, 0),
(2936, 271, 56, 0),
(2937, 272, 56, 0),
(2938, 273, 56, 0),
(2939, 274, 56, 0),
(2940, 275, 56, 0),
(2941, 276, 56, 0),
(2942, 277, 56, 0),
(2943, 278, 56, 0),
(2944, 279, 56, 0),
(2945, 280, 56, 0),
(2946, 181, 57, 0),
(2947, 182, 57, 0),
(2948, 183, 57, 0),
(2949, 184, 57, 0),
(2950, 185, 57, 0),
(2951, 186, 57, 0);
INSERT INTO `gheandsuatchieu` (`ID`, `ID_GHE`, `ID_SUATCHIEU`, `TRANGTHAIGHEANDSUATCHIEU`) VALUES
(2952, 187, 57, 0),
(2953, 188, 57, 0),
(2954, 189, 57, 0),
(2955, 190, 57, 0),
(2956, 191, 57, 0),
(2957, 192, 57, 0),
(2958, 193, 57, 0),
(2959, 194, 57, 1),
(2960, 195, 57, 1),
(2961, 196, 57, 0),
(2962, 197, 57, 0),
(2963, 198, 57, 0),
(2964, 199, 57, 0),
(2965, 200, 57, 0),
(2966, 181, 58, 0),
(2967, 182, 58, 0),
(2968, 183, 58, 0),
(2969, 184, 58, 0),
(2970, 185, 58, 0),
(2971, 186, 58, 0),
(2972, 187, 58, 0),
(2973, 188, 58, 0),
(2974, 189, 58, 0),
(2975, 190, 58, 0),
(2976, 191, 58, 0),
(2977, 192, 58, 0),
(2978, 193, 58, 0),
(2979, 194, 58, 0),
(2980, 195, 58, 0),
(2981, 196, 58, 0),
(2982, 197, 58, 0),
(2983, 198, 58, 0),
(2984, 199, 58, 0),
(2985, 200, 58, 0),
(2986, 1, 59, 0),
(2987, 2, 59, 0),
(2988, 3, 59, 0),
(2989, 4, 59, 0),
(2990, 5, 59, 0),
(2991, 6, 59, 0),
(2992, 7, 59, 0),
(2993, 8, 59, 0),
(2994, 9, 59, 0),
(2995, 10, 59, 0),
(2996, 11, 59, 0),
(2997, 12, 59, 0),
(2998, 13, 59, 0),
(2999, 14, 59, 0),
(3000, 15, 59, 0),
(3001, 16, 59, 0),
(3002, 17, 59, 0),
(3003, 18, 59, 0),
(3004, 19, 59, 0),
(3005, 20, 59, 0),
(3006, 21, 59, 0),
(3007, 22, 59, 0),
(3008, 23, 59, 0),
(3009, 24, 59, 0),
(3010, 25, 59, 0),
(3011, 26, 59, 0),
(3012, 27, 59, 0),
(3013, 28, 59, 0),
(3014, 29, 59, 0),
(3015, 30, 59, 0),
(3016, 31, 59, 0),
(3017, 32, 59, 0),
(3018, 33, 59, 0),
(3019, 34, 59, 0),
(3020, 35, 59, 0),
(3021, 36, 59, 0),
(3022, 37, 59, 0),
(3023, 38, 59, 0),
(3024, 39, 59, 0),
(3025, 40, 59, 0),
(3026, 41, 59, 0),
(3027, 42, 59, 0),
(3028, 43, 59, 0),
(3029, 44, 59, 0),
(3030, 45, 59, 0),
(3031, 46, 59, 0),
(3032, 47, 59, 0),
(3033, 48, 59, 0),
(3034, 49, 59, 0),
(3035, 50, 59, 0),
(3036, 51, 59, 0),
(3037, 52, 59, 0),
(3038, 53, 59, 0),
(3039, 54, 59, 0),
(3040, 55, 59, 0),
(3041, 56, 59, 0),
(3042, 57, 59, 0),
(3043, 58, 59, 0),
(3044, 59, 59, 0),
(3045, 60, 59, 0),
(3046, 221, 60, 0),
(3047, 222, 60, 2),
(3048, 223, 60, 0),
(3049, 224, 60, 0),
(3050, 225, 60, 0),
(3051, 226, 60, 0),
(3052, 227, 60, 0),
(3053, 228, 60, 0),
(3054, 229, 60, 0),
(3055, 230, 60, 0),
(3056, 231, 60, 2),
(3057, 232, 60, 0),
(3058, 233, 60, 0),
(3059, 234, 60, 0),
(3060, 235, 60, 0),
(3061, 236, 60, 0),
(3062, 237, 60, 0),
(3063, 238, 60, 0),
(3064, 239, 60, 0),
(3065, 240, 60, 0),
(3066, 241, 60, 0),
(3067, 242, 60, 0),
(3068, 243, 60, 0),
(3069, 244, 60, 0),
(3070, 245, 60, 0),
(3071, 246, 60, 0),
(3072, 247, 60, 0),
(3073, 248, 60, 0),
(3074, 249, 60, 0),
(3075, 250, 60, 0),
(3076, 251, 60, 0),
(3077, 252, 60, 0),
(3078, 253, 60, 0),
(3079, 254, 60, 0),
(3080, 255, 60, 0),
(3081, 256, 60, 0),
(3082, 257, 60, 0),
(3083, 258, 60, 0),
(3084, 259, 60, 0),
(3085, 260, 60, 0),
(3086, 261, 60, 0),
(3087, 262, 60, 0),
(3088, 263, 60, 0),
(3089, 264, 60, 0),
(3090, 265, 60, 0),
(3091, 266, 60, 0),
(3092, 267, 60, 0),
(3093, 268, 60, 0),
(3094, 269, 60, 0),
(3095, 270, 60, 0),
(3096, 271, 60, 0),
(3097, 272, 60, 0),
(3098, 273, 60, 0),
(3099, 274, 60, 0),
(3100, 275, 60, 0),
(3101, 276, 60, 0),
(3102, 277, 60, 0),
(3103, 278, 60, 0),
(3104, 279, 60, 0),
(3105, 280, 60, 0),
(3106, 221, 61, 0),
(3107, 222, 61, 0),
(3108, 223, 61, 0),
(3109, 224, 61, 0),
(3110, 225, 61, 0),
(3111, 226, 61, 0),
(3112, 227, 61, 0),
(3113, 228, 61, 0),
(3114, 229, 61, 0),
(3115, 230, 61, 0),
(3116, 231, 61, 0),
(3117, 232, 61, 0),
(3118, 233, 61, 0),
(3119, 234, 61, 0),
(3120, 235, 61, 0),
(3121, 236, 61, 0),
(3122, 237, 61, 0),
(3123, 238, 61, 0),
(3124, 239, 61, 0),
(3125, 240, 61, 0),
(3126, 241, 61, 0),
(3127, 242, 61, 0),
(3128, 243, 61, 0),
(3129, 244, 61, 0),
(3130, 245, 61, 0),
(3131, 246, 61, 0),
(3132, 247, 61, 0),
(3133, 248, 61, 0),
(3134, 249, 61, 0),
(3135, 250, 61, 0),
(3136, 251, 61, 0),
(3137, 252, 61, 0),
(3138, 253, 61, 0),
(3139, 254, 61, 0),
(3140, 255, 61, 0),
(3141, 256, 61, 0),
(3142, 257, 61, 0),
(3143, 258, 61, 0),
(3144, 259, 61, 0),
(3145, 260, 61, 0),
(3146, 261, 61, 0),
(3147, 262, 61, 0),
(3148, 263, 61, 0),
(3149, 264, 61, 0),
(3150, 265, 61, 0),
(3151, 266, 61, 0),
(3152, 267, 61, 0),
(3153, 268, 61, 0),
(3154, 269, 61, 0),
(3155, 270, 61, 0),
(3156, 271, 61, 0),
(3157, 272, 61, 0),
(3158, 273, 61, 0),
(3159, 274, 61, 0),
(3160, 275, 61, 0),
(3161, 276, 61, 0),
(3162, 277, 61, 0),
(3163, 278, 61, 0),
(3164, 279, 61, 0),
(3165, 280, 61, 0),
(3166, 201, 62, 0),
(3167, 202, 62, 0),
(3168, 203, 62, 0),
(3169, 204, 62, 0),
(3170, 205, 62, 0),
(3171, 206, 62, 0),
(3172, 207, 62, 0),
(3173, 208, 62, 0),
(3174, 209, 62, 0),
(3175, 210, 62, 0),
(3176, 211, 62, 0),
(3177, 212, 62, 0),
(3178, 213, 62, 0),
(3179, 214, 62, 0),
(3180, 215, 62, 0),
(3181, 216, 62, 0),
(3182, 217, 62, 0),
(3183, 218, 62, 0),
(3184, 219, 62, 0),
(3185, 220, 62, 0),
(3186, 201, 63, 0),
(3187, 202, 63, 0),
(3188, 203, 63, 0),
(3189, 204, 63, 0),
(3190, 205, 63, 0),
(3191, 206, 63, 0),
(3192, 207, 63, 0),
(3193, 208, 63, 0),
(3194, 209, 63, 0),
(3195, 210, 63, 0),
(3196, 211, 63, 0),
(3197, 212, 63, 0),
(3198, 213, 63, 0),
(3199, 214, 63, 0),
(3200, 215, 63, 0),
(3201, 216, 63, 0),
(3202, 217, 63, 0),
(3203, 218, 63, 0),
(3204, 219, 63, 0),
(3205, 220, 63, 0),
(3206, 61, 64, 0),
(3207, 62, 64, 0),
(3208, 63, 64, 0),
(3209, 64, 64, 0),
(3210, 65, 64, 0),
(3211, 66, 64, 0),
(3212, 67, 64, 0),
(3213, 68, 64, 0),
(3214, 69, 64, 0),
(3215, 70, 64, 0),
(3216, 71, 64, 0),
(3217, 72, 64, 0),
(3218, 73, 64, 0),
(3219, 74, 64, 0),
(3220, 75, 64, 0),
(3221, 76, 64, 0),
(3222, 77, 64, 0),
(3223, 78, 64, 0),
(3224, 79, 64, 0),
(3225, 80, 64, 0),
(3226, 81, 64, 0),
(3227, 82, 64, 0),
(3228, 83, 64, 0),
(3229, 84, 64, 0),
(3230, 85, 64, 0),
(3231, 86, 64, 0),
(3232, 87, 64, 0),
(3233, 88, 64, 0),
(3234, 89, 64, 0),
(3235, 90, 64, 0),
(3236, 91, 64, 0),
(3237, 92, 64, 0),
(3238, 93, 64, 0),
(3239, 94, 64, 0),
(3240, 95, 64, 0),
(3241, 96, 64, 0),
(3242, 97, 64, 0),
(3243, 98, 64, 0),
(3244, 99, 64, 0),
(3245, 100, 64, 0),
(3246, 101, 64, 0),
(3247, 102, 64, 0),
(3248, 103, 64, 0),
(3249, 104, 64, 0),
(3250, 105, 64, 0),
(3251, 106, 64, 0),
(3252, 107, 64, 0),
(3253, 108, 64, 0),
(3254, 109, 64, 0),
(3255, 110, 64, 0),
(3256, 111, 64, 0),
(3257, 112, 64, 0),
(3258, 113, 64, 0),
(3259, 114, 64, 0),
(3260, 115, 64, 0),
(3261, 116, 64, 0),
(3262, 117, 64, 0),
(3263, 118, 64, 0),
(3264, 119, 64, 0),
(3265, 120, 64, 0),
(3266, 61, 65, 0),
(3267, 62, 65, 0),
(3268, 63, 65, 0),
(3269, 64, 65, 0),
(3270, 65, 65, 0),
(3271, 66, 65, 0),
(3272, 67, 65, 0),
(3273, 68, 65, 0),
(3274, 69, 65, 0),
(3275, 70, 65, 0),
(3276, 71, 65, 0),
(3277, 72, 65, 0),
(3278, 73, 65, 0),
(3279, 74, 65, 0),
(3280, 75, 65, 0),
(3281, 76, 65, 0),
(3282, 77, 65, 0),
(3283, 78, 65, 0),
(3284, 79, 65, 0),
(3285, 80, 65, 0),
(3286, 81, 65, 0),
(3287, 82, 65, 0),
(3288, 83, 65, 0),
(3289, 84, 65, 0),
(3290, 85, 65, 0),
(3291, 86, 65, 0),
(3292, 87, 65, 0),
(3293, 88, 65, 0),
(3294, 89, 65, 0),
(3295, 90, 65, 0),
(3296, 91, 65, 0),
(3297, 92, 65, 0),
(3298, 93, 65, 0),
(3299, 94, 65, 0),
(3300, 95, 65, 0),
(3301, 96, 65, 0),
(3302, 97, 65, 0),
(3303, 98, 65, 0),
(3304, 99, 65, 0),
(3305, 100, 65, 0),
(3306, 101, 65, 0),
(3307, 102, 65, 0),
(3308, 103, 65, 0),
(3309, 104, 65, 0),
(3310, 105, 65, 0),
(3311, 106, 65, 0),
(3312, 107, 65, 0),
(3313, 108, 65, 0),
(3314, 109, 65, 0),
(3315, 110, 65, 0),
(3316, 111, 65, 0),
(3317, 112, 65, 0),
(3318, 113, 65, 0),
(3319, 114, 65, 0),
(3320, 115, 65, 0),
(3321, 116, 65, 0),
(3322, 117, 65, 0),
(3323, 118, 65, 0),
(3324, 119, 65, 0),
(3325, 120, 65, 0),
(3326, 61, 66, 0),
(3327, 62, 66, 0),
(3328, 63, 66, 0),
(3329, 64, 66, 0),
(3330, 65, 66, 0),
(3331, 66, 66, 0),
(3332, 67, 66, 0),
(3333, 68, 66, 0),
(3334, 69, 66, 0),
(3335, 70, 66, 0),
(3336, 71, 66, 0),
(3337, 72, 66, 0),
(3338, 73, 66, 0),
(3339, 74, 66, 0),
(3340, 75, 66, 0),
(3341, 76, 66, 0),
(3342, 77, 66, 0),
(3343, 78, 66, 0),
(3344, 79, 66, 0),
(3345, 80, 66, 0),
(3346, 81, 66, 0),
(3347, 82, 66, 0),
(3348, 83, 66, 0),
(3349, 84, 66, 0),
(3350, 85, 66, 0),
(3351, 86, 66, 0),
(3352, 87, 66, 0),
(3353, 88, 66, 0),
(3354, 89, 66, 0),
(3355, 90, 66, 0),
(3356, 91, 66, 0),
(3357, 92, 66, 0),
(3358, 93, 66, 0),
(3359, 94, 66, 0),
(3360, 95, 66, 0),
(3361, 96, 66, 0),
(3362, 97, 66, 0),
(3363, 98, 66, 0),
(3364, 99, 66, 0),
(3365, 100, 66, 0),
(3366, 101, 66, 0),
(3367, 102, 66, 0),
(3368, 103, 66, 0),
(3369, 104, 66, 0),
(3370, 105, 66, 0),
(3371, 106, 66, 0),
(3372, 107, 66, 0),
(3373, 108, 66, 0),
(3374, 109, 66, 0),
(3375, 110, 66, 0),
(3376, 111, 66, 0),
(3377, 112, 66, 0),
(3378, 113, 66, 0),
(3379, 114, 66, 0),
(3380, 115, 66, 0),
(3381, 116, 66, 0),
(3382, 117, 66, 0),
(3383, 118, 66, 0),
(3384, 119, 66, 0),
(3385, 120, 66, 0),
(3386, 61, 67, 0),
(3387, 62, 67, 0),
(3388, 63, 67, 0),
(3389, 64, 67, 0),
(3390, 65, 67, 0),
(3391, 66, 67, 0),
(3392, 67, 67, 0),
(3393, 68, 67, 0),
(3394, 69, 67, 0),
(3395, 70, 67, 0),
(3396, 71, 67, 0),
(3397, 72, 67, 0),
(3398, 73, 67, 0),
(3399, 74, 67, 0),
(3400, 75, 67, 0),
(3401, 76, 67, 0),
(3402, 77, 67, 0),
(3403, 78, 67, 0),
(3404, 79, 67, 0),
(3405, 80, 67, 0),
(3406, 81, 67, 0),
(3407, 82, 67, 0),
(3408, 83, 67, 0),
(3409, 84, 67, 0),
(3410, 85, 67, 0),
(3411, 86, 67, 0),
(3412, 87, 67, 0),
(3413, 88, 67, 0),
(3414, 89, 67, 0),
(3415, 90, 67, 0),
(3416, 91, 67, 0),
(3417, 92, 67, 0),
(3418, 93, 67, 0),
(3419, 94, 67, 0),
(3420, 95, 67, 0),
(3421, 96, 67, 0),
(3422, 97, 67, 0),
(3423, 98, 67, 0),
(3424, 99, 67, 0),
(3425, 100, 67, 0),
(3426, 101, 67, 0),
(3427, 102, 67, 0),
(3428, 103, 67, 0),
(3429, 104, 67, 0),
(3430, 105, 67, 0),
(3431, 106, 67, 0),
(3432, 107, 67, 0),
(3433, 108, 67, 0),
(3434, 109, 67, 0),
(3435, 110, 67, 0),
(3436, 111, 67, 0),
(3437, 112, 67, 0),
(3438, 113, 67, 0),
(3439, 114, 67, 0),
(3440, 115, 67, 0),
(3441, 116, 67, 0),
(3442, 117, 67, 0),
(3443, 118, 67, 0),
(3444, 119, 67, 0),
(3445, 120, 67, 0),
(3446, 1, 68, 0),
(3447, 2, 68, 0),
(3448, 3, 68, 0),
(3449, 4, 68, 0),
(3450, 5, 68, 0),
(3451, 6, 68, 0),
(3452, 7, 68, 0),
(3453, 8, 68, 0),
(3454, 9, 68, 0),
(3455, 10, 68, 0),
(3456, 11, 68, 0),
(3457, 12, 68, 0),
(3458, 13, 68, 0),
(3459, 14, 68, 0),
(3460, 15, 68, 0),
(3461, 16, 68, 0),
(3462, 17, 68, 0),
(3463, 18, 68, 0),
(3464, 19, 68, 0),
(3465, 20, 68, 0),
(3466, 21, 68, 0),
(3467, 22, 68, 0),
(3468, 23, 68, 0),
(3469, 24, 68, 0),
(3470, 25, 68, 0),
(3471, 26, 68, 0),
(3472, 27, 68, 0),
(3473, 28, 68, 0),
(3474, 29, 68, 0),
(3475, 30, 68, 0),
(3476, 31, 68, 0),
(3477, 32, 68, 0),
(3478, 33, 68, 0),
(3479, 34, 68, 0),
(3480, 35, 68, 0),
(3481, 36, 68, 0),
(3482, 37, 68, 0),
(3483, 38, 68, 0),
(3484, 39, 68, 0),
(3485, 40, 68, 0),
(3486, 41, 68, 0),
(3487, 42, 68, 0),
(3488, 43, 68, 0),
(3489, 44, 68, 0),
(3490, 45, 68, 0),
(3491, 46, 68, 0),
(3492, 47, 68, 0),
(3493, 48, 68, 0),
(3494, 49, 68, 0),
(3495, 50, 68, 0),
(3496, 51, 68, 0),
(3497, 52, 68, 0),
(3498, 53, 68, 0),
(3499, 54, 68, 0),
(3500, 55, 68, 0),
(3501, 56, 68, 0),
(3502, 57, 68, 0),
(3503, 58, 68, 0),
(3504, 59, 68, 0),
(3505, 60, 68, 0),
(3506, 1, 69, 0),
(3507, 2, 69, 0),
(3508, 3, 69, 0),
(3509, 4, 69, 0),
(3510, 5, 69, 0),
(3511, 6, 69, 0),
(3512, 7, 69, 0),
(3513, 8, 69, 0),
(3514, 9, 69, 0),
(3515, 10, 69, 0),
(3516, 11, 69, 0),
(3517, 12, 69, 0),
(3518, 13, 69, 0),
(3519, 14, 69, 0),
(3520, 15, 69, 0),
(3521, 16, 69, 0),
(3522, 17, 69, 0),
(3523, 18, 69, 0),
(3524, 19, 69, 0),
(3525, 20, 69, 0),
(3526, 21, 69, 0),
(3527, 22, 69, 0),
(3528, 23, 69, 0),
(3529, 24, 69, 0),
(3530, 25, 69, 0),
(3531, 26, 69, 0),
(3532, 27, 69, 0),
(3533, 28, 69, 0),
(3534, 29, 69, 0),
(3535, 30, 69, 0),
(3536, 31, 69, 0),
(3537, 32, 69, 0),
(3538, 33, 69, 0),
(3539, 34, 69, 0),
(3540, 35, 69, 0),
(3541, 36, 69, 0),
(3542, 37, 69, 0),
(3543, 38, 69, 0),
(3544, 39, 69, 0),
(3545, 40, 69, 0),
(3546, 41, 69, 0),
(3547, 42, 69, 0),
(3548, 43, 69, 0),
(3549, 44, 69, 0),
(3550, 45, 69, 0),
(3551, 46, 69, 0),
(3552, 47, 69, 0),
(3553, 48, 69, 0),
(3554, 49, 69, 0),
(3555, 50, 69, 0),
(3556, 51, 69, 0),
(3557, 52, 69, 0),
(3558, 53, 69, 0),
(3559, 54, 69, 0),
(3560, 55, 69, 0),
(3561, 56, 69, 0),
(3562, 57, 69, 0),
(3563, 58, 69, 0),
(3564, 59, 69, 0),
(3565, 60, 69, 0),
(3566, 1, 70, 0),
(3567, 2, 70, 0),
(3568, 3, 70, 0),
(3569, 4, 70, 0),
(3570, 5, 70, 0),
(3571, 6, 70, 0),
(3572, 7, 70, 0),
(3573, 8, 70, 0),
(3574, 9, 70, 0),
(3575, 10, 70, 0),
(3576, 11, 70, 0),
(3577, 12, 70, 0),
(3578, 13, 70, 0),
(3579, 14, 70, 0),
(3580, 15, 70, 0),
(3581, 16, 70, 0),
(3582, 17, 70, 0),
(3583, 18, 70, 0),
(3584, 19, 70, 0),
(3585, 20, 70, 0),
(3586, 21, 70, 0),
(3587, 22, 70, 0),
(3588, 23, 70, 0),
(3589, 24, 70, 0),
(3590, 25, 70, 0),
(3591, 26, 70, 0),
(3592, 27, 70, 0),
(3593, 28, 70, 0),
(3594, 29, 70, 0),
(3595, 30, 70, 0),
(3596, 31, 70, 0),
(3597, 32, 70, 0),
(3598, 33, 70, 0),
(3599, 34, 70, 0),
(3600, 35, 70, 0),
(3601, 36, 70, 0),
(3602, 37, 70, 0),
(3603, 38, 70, 0),
(3604, 39, 70, 0),
(3605, 40, 70, 0),
(3606, 41, 70, 0),
(3607, 42, 70, 0),
(3608, 43, 70, 0),
(3609, 44, 70, 0),
(3610, 45, 70, 0),
(3611, 46, 70, 0),
(3612, 47, 70, 0),
(3613, 48, 70, 0),
(3614, 49, 70, 0),
(3615, 50, 70, 0),
(3616, 51, 70, 0),
(3617, 52, 70, 0),
(3618, 53, 70, 0),
(3619, 54, 70, 0),
(3620, 55, 70, 0),
(3621, 56, 70, 0),
(3622, 57, 70, 0),
(3623, 58, 70, 0),
(3624, 59, 70, 0),
(3625, 60, 70, 0),
(3626, 1, 71, 0),
(3627, 2, 71, 0),
(3628, 3, 71, 0),
(3629, 4, 71, 0),
(3630, 5, 71, 0),
(3631, 6, 71, 0),
(3632, 7, 71, 0),
(3633, 8, 71, 0),
(3634, 9, 71, 0),
(3635, 10, 71, 0),
(3636, 11, 71, 0),
(3637, 12, 71, 0),
(3638, 13, 71, 0),
(3639, 14, 71, 0),
(3640, 15, 71, 0),
(3641, 16, 71, 0),
(3642, 17, 71, 0),
(3643, 18, 71, 0),
(3644, 19, 71, 0),
(3645, 20, 71, 0),
(3646, 21, 71, 0),
(3647, 22, 71, 0),
(3648, 23, 71, 0),
(3649, 24, 71, 0),
(3650, 25, 71, 0),
(3651, 26, 71, 0),
(3652, 27, 71, 0),
(3653, 28, 71, 0),
(3654, 29, 71, 0),
(3655, 30, 71, 0),
(3656, 31, 71, 0),
(3657, 32, 71, 0),
(3658, 33, 71, 0),
(3659, 34, 71, 0),
(3660, 35, 71, 0),
(3661, 36, 71, 0),
(3662, 37, 71, 0),
(3663, 38, 71, 0),
(3664, 39, 71, 0),
(3665, 40, 71, 0),
(3666, 41, 71, 0),
(3667, 42, 71, 0),
(3668, 43, 71, 0),
(3669, 44, 71, 0),
(3670, 45, 71, 0),
(3671, 46, 71, 0),
(3672, 47, 71, 0),
(3673, 48, 71, 0),
(3674, 49, 71, 0),
(3675, 50, 71, 0),
(3676, 51, 71, 0),
(3677, 52, 71, 0),
(3678, 53, 71, 0),
(3679, 54, 71, 0),
(3680, 55, 71, 0),
(3681, 56, 71, 0),
(3682, 57, 71, 0),
(3683, 58, 71, 0),
(3684, 59, 71, 0),
(3685, 60, 71, 0),
(3686, 1, 72, 0),
(3687, 2, 72, 0),
(3688, 3, 72, 0),
(3689, 4, 72, 0),
(3690, 5, 72, 0),
(3691, 6, 72, 0),
(3692, 7, 72, 0),
(3693, 8, 72, 0),
(3694, 9, 72, 0),
(3695, 10, 72, 0),
(3696, 11, 72, 0),
(3697, 12, 72, 0),
(3698, 13, 72, 0),
(3699, 14, 72, 0),
(3700, 15, 72, 0),
(3701, 16, 72, 0),
(3702, 17, 72, 0),
(3703, 18, 72, 0),
(3704, 19, 72, 0),
(3705, 20, 72, 0),
(3706, 21, 72, 0),
(3707, 22, 72, 0),
(3708, 23, 72, 0),
(3709, 24, 72, 0),
(3710, 25, 72, 0),
(3711, 26, 72, 0),
(3712, 27, 72, 0),
(3713, 28, 72, 0),
(3714, 29, 72, 0),
(3715, 30, 72, 0),
(3716, 31, 72, 0),
(3717, 32, 72, 0),
(3718, 33, 72, 0),
(3719, 34, 72, 0),
(3720, 35, 72, 0),
(3721, 36, 72, 0),
(3722, 37, 72, 0),
(3723, 38, 72, 0),
(3724, 39, 72, 0),
(3725, 40, 72, 0),
(3726, 41, 72, 0),
(3727, 42, 72, 0),
(3728, 43, 72, 0),
(3729, 44, 72, 0),
(3730, 45, 72, 0),
(3731, 46, 72, 0),
(3732, 47, 72, 0),
(3733, 48, 72, 0),
(3734, 49, 72, 0),
(3735, 50, 72, 0),
(3736, 51, 72, 0),
(3737, 52, 72, 0),
(3738, 53, 72, 0),
(3739, 54, 72, 0),
(3740, 55, 72, 0),
(3741, 56, 72, 0),
(3742, 57, 72, 0),
(3743, 58, 72, 0),
(3744, 59, 72, 0),
(3745, 60, 72, 0),
(3746, 1, 73, 0),
(3747, 2, 73, 0),
(3748, 3, 73, 0),
(3749, 4, 73, 0),
(3750, 5, 73, 0),
(3751, 6, 73, 0),
(3752, 7, 73, 0),
(3753, 8, 73, 0),
(3754, 9, 73, 0),
(3755, 10, 73, 0),
(3756, 11, 73, 0),
(3757, 12, 73, 0),
(3758, 13, 73, 0),
(3759, 14, 73, 0),
(3760, 15, 73, 0),
(3761, 16, 73, 0),
(3762, 17, 73, 0),
(3763, 18, 73, 0),
(3764, 19, 73, 0),
(3765, 20, 73, 0),
(3766, 21, 73, 0),
(3767, 22, 73, 0),
(3768, 23, 73, 0),
(3769, 24, 73, 0),
(3770, 25, 73, 0),
(3771, 26, 73, 0),
(3772, 27, 73, 0),
(3773, 28, 73, 0),
(3774, 29, 73, 0),
(3775, 30, 73, 0),
(3776, 31, 73, 0),
(3777, 32, 73, 0),
(3778, 33, 73, 0),
(3779, 34, 73, 0),
(3780, 35, 73, 0),
(3781, 36, 73, 0),
(3782, 37, 73, 0),
(3783, 38, 73, 0),
(3784, 39, 73, 0),
(3785, 40, 73, 0),
(3786, 41, 73, 0),
(3787, 42, 73, 0),
(3788, 43, 73, 0),
(3789, 44, 73, 0),
(3790, 45, 73, 0),
(3791, 46, 73, 0),
(3792, 47, 73, 0),
(3793, 48, 73, 0),
(3794, 49, 73, 0),
(3795, 50, 73, 0),
(3796, 51, 73, 0),
(3797, 52, 73, 0),
(3798, 53, 73, 0),
(3799, 54, 73, 0),
(3800, 55, 73, 0),
(3801, 56, 73, 0),
(3802, 57, 73, 0),
(3803, 58, 73, 0),
(3804, 59, 73, 0),
(3805, 60, 73, 0),
(3806, 1, 74, 2),
(3807, 2, 74, 2),
(3808, 3, 74, 2),
(3809, 4, 74, 0),
(3810, 5, 74, 0),
(3811, 6, 74, 0),
(3812, 7, 74, 0),
(3813, 8, 74, 0),
(3814, 9, 74, 0),
(3815, 10, 74, 0),
(3816, 11, 74, 2),
(3817, 12, 74, 2),
(3818, 13, 74, 2),
(3819, 14, 74, 0),
(3820, 15, 74, 0),
(3821, 16, 74, 0),
(3822, 17, 74, 0),
(3823, 18, 74, 0),
(3824, 19, 74, 0),
(3825, 20, 74, 0),
(3826, 21, 74, 0),
(3827, 22, 74, 0),
(3828, 23, 74, 0),
(3829, 24, 74, 0),
(3830, 25, 74, 0),
(3831, 26, 74, 0),
(3832, 27, 74, 0),
(3833, 28, 74, 0),
(3834, 29, 74, 0),
(3835, 30, 74, 0),
(3836, 31, 74, 0),
(3837, 32, 74, 0),
(3838, 33, 74, 0),
(3839, 34, 74, 0),
(3840, 35, 74, 0),
(3841, 36, 74, 0),
(3842, 37, 74, 0),
(3843, 38, 74, 0),
(3844, 39, 74, 0),
(3845, 40, 74, 0),
(3846, 41, 74, 0),
(3847, 42, 74, 0),
(3848, 43, 74, 0),
(3849, 44, 74, 0),
(3850, 45, 74, 0),
(3851, 46, 74, 0),
(3852, 47, 74, 0),
(3853, 48, 74, 0),
(3854, 49, 74, 0),
(3855, 50, 74, 0),
(3856, 51, 74, 0),
(3857, 52, 74, 0),
(3858, 53, 74, 0),
(3859, 54, 74, 0),
(3860, 55, 74, 0),
(3861, 56, 74, 0),
(3862, 57, 74, 0),
(3863, 58, 74, 0),
(3864, 59, 74, 0),
(3865, 60, 74, 0),
(3866, 1, 75, 0),
(3867, 2, 75, 0),
(3868, 3, 75, 0),
(3869, 4, 75, 0),
(3870, 5, 75, 0),
(3871, 6, 75, 0),
(3872, 7, 75, 0),
(3873, 8, 75, 0),
(3874, 9, 75, 0),
(3875, 10, 75, 0),
(3876, 11, 75, 0),
(3877, 12, 75, 0),
(3878, 13, 75, 0),
(3879, 14, 75, 0),
(3880, 15, 75, 0),
(3881, 16, 75, 0),
(3882, 17, 75, 0),
(3883, 18, 75, 0),
(3884, 19, 75, 0),
(3885, 20, 75, 0),
(3886, 21, 75, 0),
(3887, 22, 75, 0),
(3888, 23, 75, 0),
(3889, 24, 75, 0),
(3890, 25, 75, 0),
(3891, 26, 75, 0),
(3892, 27, 75, 0),
(3893, 28, 75, 0),
(3894, 29, 75, 0),
(3895, 30, 75, 0),
(3896, 31, 75, 0),
(3897, 32, 75, 0),
(3898, 33, 75, 0),
(3899, 34, 75, 0),
(3900, 35, 75, 0),
(3901, 36, 75, 0),
(3902, 37, 75, 0),
(3903, 38, 75, 0),
(3904, 39, 75, 0),
(3905, 40, 75, 0),
(3906, 41, 75, 0),
(3907, 42, 75, 0),
(3908, 43, 75, 0),
(3909, 44, 75, 0),
(3910, 45, 75, 0),
(3911, 46, 75, 0),
(3912, 47, 75, 0),
(3913, 48, 75, 0),
(3914, 49, 75, 0),
(3915, 50, 75, 0),
(3916, 51, 75, 0),
(3917, 52, 75, 0),
(3918, 53, 75, 0),
(3919, 54, 75, 0),
(3920, 55, 75, 0),
(3921, 56, 75, 0),
(3922, 57, 75, 0),
(3923, 58, 75, 0),
(3924, 59, 75, 0),
(3925, 60, 75, 0),
(3926, 1, 76, 0),
(3927, 2, 76, 0),
(3928, 3, 76, 0),
(3929, 4, 76, 0),
(3930, 5, 76, 0),
(3931, 6, 76, 0),
(3932, 7, 76, 0),
(3933, 8, 76, 0),
(3934, 9, 76, 0),
(3935, 10, 76, 0),
(3936, 11, 76, 0),
(3937, 12, 76, 0),
(3938, 13, 76, 0),
(3939, 14, 76, 0),
(3940, 15, 76, 0),
(3941, 16, 76, 0),
(3942, 17, 76, 0),
(3943, 18, 76, 0),
(3944, 19, 76, 0),
(3945, 20, 76, 0),
(3946, 21, 76, 0),
(3947, 22, 76, 0),
(3948, 23, 76, 0),
(3949, 24, 76, 0),
(3950, 25, 76, 0),
(3951, 26, 76, 0),
(3952, 27, 76, 0),
(3953, 28, 76, 0),
(3954, 29, 76, 0),
(3955, 30, 76, 0),
(3956, 31, 76, 0),
(3957, 32, 76, 0),
(3958, 33, 76, 0),
(3959, 34, 76, 0),
(3960, 35, 76, 0),
(3961, 36, 76, 0),
(3962, 37, 76, 0),
(3963, 38, 76, 0),
(3964, 39, 76, 0),
(3965, 40, 76, 0),
(3966, 41, 76, 0),
(3967, 42, 76, 0),
(3968, 43, 76, 0),
(3969, 44, 76, 0),
(3970, 45, 76, 0),
(3971, 46, 76, 0),
(3972, 47, 76, 0),
(3973, 48, 76, 0),
(3974, 49, 76, 0),
(3975, 50, 76, 0),
(3976, 51, 76, 0),
(3977, 52, 76, 0),
(3978, 53, 76, 0),
(3979, 54, 76, 0),
(3980, 55, 76, 0),
(3981, 56, 76, 0),
(3982, 57, 76, 0),
(3983, 58, 76, 0),
(3984, 59, 76, 0),
(3985, 60, 76, 0);

-- --------------------------------------------------------

--
-- Cấu trúc bảng cho bảng `hoadon`
--

CREATE TABLE `hoadon` (
  `ID` int(11) NOT NULL,
  `ID_KhachHang` int(11) DEFAULT NULL,
  `ID_Voucher` int(11) DEFAULT NULL,
  `ID_PTTT` int(11) DEFAULT NULL,
  `MaHoaDon` varchar(50) GENERATED ALWAYS AS (concat('HD00',`ID`)) VIRTUAL,
  `SoLuong` int(11) NOT NULL,
  `ThoiGianThanhToan` datetime DEFAULT NULL,
  `Diem` int(11) NOT NULL,
  `TongSoTien` decimal(18,2) NOT NULL,
  `TrangThaiHoaDon` int(11) DEFAULT NULL
) ENGINE=InnoDB DEFAULT CHARSET=utf8mb4 COLLATE=utf8mb4_general_ci;

--
-- Đang đổ dữ liệu cho bảng `hoadon`
--

INSERT INTO `hoadon` (`ID`, `ID_KhachHang`, `ID_Voucher`, `ID_PTTT`, `SoLuong`, `ThoiGianThanhToan`, `Diem`, `TongSoTien`, `TrangThaiHoaDon`) VALUES
(110, 2, NULL, 3, 1, '2024-12-21 21:05:33', 10, 1000.00, 0),
(111, 2, NULL, 3, 1, '2024-12-21 21:11:43', 10, 1000.00, 0),
(112, 2, NULL, 3, 2, '2024-12-21 21:14:21', 20, 2000.00, 1),
(113, 10, NULL, 3, 2, '2024-12-23 00:47:45', 20, 2000.00, 1),
(114, 10, NULL, 3, 2, '2024-12-23 00:50:08', 20, 2000.00, 1),
(115, 10, NULL, 3, 2, '2024-12-23 01:06:16', 20, 2000.00, 4),
(116, 10, NULL, 3, 2, '2024-12-23 01:07:45', 20, 2000.00, 0),
(117, 10, NULL, 3, 2, '2024-12-23 01:08:39', 20, 2000.00, 0),
(118, 10, NULL, 3, 2, '2024-12-23 01:10:36', 20, 2000.00, 0),
(119, 10, NULL, 3, 2, '2024-12-23 01:11:50', 20, 2000.00, 0),
(120, 10, NULL, 3, 2, '2024-12-23 01:13:03', 20, 2000.00, 0),
(121, 10, NULL, 3, 2, '2024-12-23 01:14:06', 20, 2000.00, 0),
(122, 10, NULL, 3, 2, '2024-12-23 01:16:03', 20, 2000.00, 0),
(123, 10, NULL, 3, 2, '2024-12-23 01:17:44', 20, 2000.00, 0),
(124, 10, NULL, 3, 2, '2024-12-23 01:19:13', 20, 2000.00, 0),
(125, 10, NULL, 3, 2, '2024-12-23 01:20:07', 20, 2000.00, 0),
(126, 10, NULL, 3, 2, '2024-12-23 01:20:28', 20, 2000.00, 2),
(127, 10, NULL, 3, 2, '2024-12-23 01:45:54', 20, 2000.00, 1),
(128, 11, NULL, 3, 2, '2024-12-23 02:10:25', 20, 2000.00, 1),
(129, 11, NULL, 3, 2, '2024-12-23 02:12:04', 20, 2000.00, 1),
(130, 11, NULL, 3, 2, '2024-12-23 02:14:04', 20, 2000.00, 2);

-- --------------------------------------------------------

--
-- Cấu trúc bảng cho bảng `khachhang`
--

CREATE TABLE `khachhang` (
  `ID` int(11) NOT NULL,
  `ID_PhanLoai` int(11) DEFAULT NULL,
  `ID_TaiKhoan` int(11) DEFAULT NULL,
  `MaKhachHang` varchar(15) NOT NULL,
  `Ten` varchar(15) NOT NULL,
  `TenDem` varchar(50) DEFAULT NULL,
  `Ho` varchar(50) NOT NULL,
  `NgaySinh` date NOT NULL,
  `SoDienThoai` varchar(10) NOT NULL,
  `GioiTinh` int(11) NOT NULL,
  `DanToc` varchar(75) DEFAULT NULL,
  `DiaChi` varchar(255) NOT NULL,
  `Diem` int(11) DEFAULT NULL,
  `TrangThaiKhachHang` int(11) DEFAULT NULL
) ENGINE=InnoDB DEFAULT CHARSET=utf8mb4 COLLATE=utf8mb4_general_ci;

--
-- Đang đổ dữ liệu cho bảng `khachhang`
--

INSERT INTO `khachhang` (`ID`, `ID_PhanLoai`, `ID_TaiKhoan`, `MaKhachHang`, `Ten`, `TenDem`, `Ho`, `NgaySinh`, `SoDienThoai`, `GioiTinh`, `DanToc`, `DiaChi`, `Diem`, `TrangThaiKhachHang`) VALUES
(1, 1, 3, 'KH001', 'Khoa', 'Đăng', 'Cao', '2004-08-13', '0869938981', 1, 'Kinh', 'Số Nhà 4B66, Ngõ 296 Ngô Gia Tự, Phường Cát Bi, Quận Hải An, Hải Phòng', 50, 1),
(2, 2, 4, 'KH002', 'Le', 'Thi', 'E', '1996-06-06', '0900000002', 0, 'Kinh', 'Số Nhà 4B66, Ngõ 296 Ngô Gia Tự, Phường Cát Bi, Quận Hải An, Hải Phòng', 0, 1),
(3, 1, 5, 'KH003', 'Rat', 'D', 'Shanks', '2024-11-04', '0192856725', 1, 'Kinh', 'Số Nhà 4B66, Ngõ 296 Ngô Gia Tự, Phường Cát Bi, Quận Hải An, Hải Phòng', 0, 1),
(4, 1, 6, 'KH004', 'Stairs', 'D', 'Down', '2024-11-13', '0127682456', 1, 'Kinh', 'Số Nhà 4B66, Ngõ 296 Ngô Gia Tự, Phường Cát Bi, Quận Hải An, Hải Phòng', 0, 1),
(5, 1, 11, 'KH005', 'Duland', 'Mu', 'Joan', '1975-12-20', '0911982645', 1, 'Kinh', 'Số Nhà 4B66, Ngõ 296 Ngô Gia Tự, Phường Cát Bi, Quận Hải An, Hải Phòng', 0, 1),
(6, 1, 13, 'KH006', 'Huy', 'Hoàng', 'Võ', '2004-08-13', '0869938981', 1, 'Kinh', 'Số Nhà 4B66, Ngõ 296 Ngô Gia Tự, Phường Cát Bi, Quận Hải An, Hải Phòng', 0, 0),
(7, 1, 14, 'KH007', 'Dung', 'Van', 'Tran', '2012-12-16', '0291582924', 1, 'Kinh', 'Số Nhà 4B66, Ngõ 296 Ngô Gia Tự, Phường Cát Bi, Quận Hải An, Hải Phòng', 0, 3),
(8, 1, 15, 'KH008', 'Mexicaz', 'Lu', 'Nen', '1989-12-19', '0988891735', 0, 'Kinh', 'Số Nhà 4B66, Ngõ 296 Ngô Gia Tự, Phường Cát Bi, Quận Hải An, Hải Phòng', 0, 4),
(10, 1, 18, 'KH009', 'Trường', 'Đức', 'Nguyễn', '2023-01-01', '0869938981', 0, 'Kinh', 'Hải Phòng', 0, 1),
(11, 1, 19, 'KH0011', 'Vinh', 'Quang', 'Lê', '2004-12-08', '0869938981', 0, 'Kinh', 'Hải Phòng', 0, 1);

-- --------------------------------------------------------

--
-- Cấu trúc bảng cho bảng `khoqua`
--

CREATE TABLE `khoqua` (
  `ID` int(11) NOT NULL,
  `ID_KhachHang` int(11) DEFAULT NULL,
  `ID_Voucher` int(11) DEFAULT NULL
) ENGINE=InnoDB DEFAULT CHARSET=utf8mb4 COLLATE=utf8mb4_general_ci;

--
-- Đang đổ dữ liệu cho bảng `khoqua`
--

INSERT INTO `khoqua` (`ID`, `ID_KhachHang`, `ID_Voucher`) VALUES
(1, 1, 1),
(2, 2, 2),
(3, 1, 3);

-- --------------------------------------------------------

--
-- Cấu trúc bảng cho bảng `nhanvien`
--

CREATE TABLE `nhanvien` (
  `ID` int(11) NOT NULL,
  `ID_ChucVu` int(11) DEFAULT NULL,
  `ID_TaiKhoan` int(11) DEFAULT NULL,
  `MaNhanVien` varchar(15) NOT NULL,
  `Ten` varchar(100) NOT NULL,
  `TenDem` varchar(100) NOT NULL,
  `Ho` varchar(50) NOT NULL,
  `NgaySinh` date NOT NULL,
  `GioiTinh` int(11) NOT NULL,
  `DanToc` varchar(50) DEFAULT NULL,
  `DiaChi` varchar(255) NOT NULL,
  `TrangThaiNhanVien` int(11) DEFAULT NULL,
  `SoDienThoai` varchar(10) NOT NULL
) ENGINE=InnoDB DEFAULT CHARSET=utf8mb4 COLLATE=utf8mb4_general_ci;

--
-- Đang đổ dữ liệu cho bảng `nhanvien`
--

INSERT INTO `nhanvien` (`ID`, `ID_ChucVu`, `ID_TaiKhoan`, `MaNhanVien`, `Ten`, `TenDem`, `Ho`, `NgaySinh`, `GioiTinh`, `DanToc`, `DiaChi`, `TrangThaiNhanVien`, `SoDienThoai`) VALUES
(1, 1, 1, 'KH001', 'Khoa', 'Đăng', 'Cao', '2004-08-11', 0, 'Kinh', 'Phường Cát Bi, Quận Hải An, Hải Phòng', 1, '0869938981'),
(2, 2, 2, 'NV002', 'Vinh', 'Quang', 'Lê', '2004-01-01', 1, 'Kinh', 'Kiến Thuỵ, Hải Phòng', 1, '0192501252'),
(7, 7, 12, 'NV003', 'Huy', 'Hoàng', 'Võ', '2000-01-01', 1, 'Kinh', 'Lê Chân, Hải Phòng', 1, '9683010225');

-- --------------------------------------------------------

--
-- Cấu trúc bảng cho bảng `phanloaichucvu`
--

CREATE TABLE `phanloaichucvu` (
  `ID` int(11) NOT NULL,
  `MaChucVu` varchar(15) NOT NULL,
  `TenChucVu` varchar(150) NOT NULL,
  `TrangThaiPhanLoaiChucVu` int(11) DEFAULT NULL
) ENGINE=InnoDB DEFAULT CHARSET=utf8mb4 COLLATE=utf8mb4_general_ci;

--
-- Đang đổ dữ liệu cho bảng `phanloaichucvu`
--

INSERT INTO `phanloaichucvu` (`ID`, `MaChucVu`, `TenChucVu`, `TrangThaiPhanLoaiChucVu`) VALUES
(1, 'CV001', 'Quản lý', 1),
(2, 'CV002', 'Nhân viên bán vé', 1),
(3, 'CV003', 'Nhân viên kỹ thuật', 1),
(4, 'CV004', 'Nhân viên chăm sóc khách hàng', 1),
(5, 'CV005', 'Quản trị viên', 1),
(6, 'CV006', 'Nhân viên vệ sinh', 1),
(7, 'CV007', 'Bảo vệ', 1),
(8, 'CV008', 'Nhân viên thu ngân', 1),
(9, 'CV009', 'Nhân viên kế toán', 1),
(10, 'CV010', 'Nhân viên Marketing', 1);

-- --------------------------------------------------------

--
-- Cấu trúc bảng cho bảng `phanloaikhachhang`
--

CREATE TABLE `phanloaikhachhang` (
  `ID` int(11) NOT NULL,
  `MaKhachHang` varchar(15) NOT NULL,
  `TenPhanLoaiKhachHang` varchar(100) NOT NULL,
  `TrangThaiPhanLoaiKhachHang` int(11) DEFAULT NULL
) ENGINE=InnoDB DEFAULT CHARSET=utf8mb4 COLLATE=utf8mb4_general_ci;

--
-- Đang đổ dữ liệu cho bảng `phanloaikhachhang`
--

INSERT INTO `phanloaikhachhang` (`ID`, `MaKhachHang`, `TenPhanLoaiKhachHang`, `TrangThaiPhanLoaiKhachHang`) VALUES
(1, 'KH001', 'Thành viên thường', 1),
(2, 'KH002', 'Thành viên VIP', 1),
(3, 'KH003', 'Thành viên Platinum', 1),
(4, 'KH004', 'Thành viên Vàng', 1),
(5, 'KH005', 'Thành viên Bạc', 1),
(6, 'KH006', 'Thành viên Đồng', 1),
(7, 'KH007', 'Thành viên Sinh viên', 1),
(8, 'KH008', 'Thành viên Gia đình', 1),
(9, 'KH009', 'Thành viên Doanh nghiệp', 1),
(10, 'KH010', 'Thành viên Khách mời', 1);

-- --------------------------------------------------------

--
-- Cấu trúc bảng cho bảng `phanloaitaikhoan`
--

CREATE TABLE `phanloaitaikhoan` (
  `ID` int(11) NOT NULL,
  `TenLoaiTaiKhoan` varchar(50) NOT NULL,
  `TrangThaiPhanLoaiTaiKhoan` int(11) DEFAULT NULL
) ENGINE=InnoDB DEFAULT CHARSET=utf8mb4 COLLATE=utf8mb4_general_ci;

--
-- Đang đổ dữ liệu cho bảng `phanloaitaikhoan`
--

INSERT INTO `phanloaitaikhoan` (`ID`, `TenLoaiTaiKhoan`, `TrangThaiPhanLoaiTaiKhoan`) VALUES
(1, 'NhanVien', 1),
(2, 'KhachHang', 1);

-- --------------------------------------------------------

--
-- Cấu trúc bảng cho bảng `phim`
--

CREATE TABLE `phim` (
  `ID` int(11) NOT NULL,
  `MaPhim` varchar(15) NOT NULL,
  `TenPhim` varchar(255) NOT NULL,
  `AnhPhim` varchar(255) NOT NULL,
  `DienVien` varchar(255) NOT NULL,
  `Nam` int(11) NOT NULL,
  `NoiDungMoTa` text DEFAULT NULL,
  `Trailer` varchar(255) DEFAULT NULL,
  `NgayRaMat` date NOT NULL,
  `ThoiLuong` int(11) NOT NULL,
  `QuocGia` varchar(100) NOT NULL,
  `NoiDung` text DEFAULT NULL,
  `GioiHanDoTuoi` int(11) NOT NULL,
  `TrangThai` int(11) DEFAULT NULL,
  `Diem` decimal(3,2) DEFAULT 0.00 CHECK (`Diem` > 0 and `Diem` <= 10)
) ENGINE=InnoDB DEFAULT CHARSET=utf8mb4 COLLATE=utf8mb4_general_ci;

--
-- Đang đổ dữ liệu cho bảng `phim`
--

INSERT INTO `phim` (`ID`, `MaPhim`, `TenPhim`, `AnhPhim`, `DienVien`, `Nam`, `NoiDungMoTa`, `Trailer`, `NgayRaMat`, `ThoiLuong`, `QuocGia`, `NoiDung`, `GioiHanDoTuoi`, `TrangThai`, `Diem`) VALUES
(1, 'MVS0049', 'Linh Miêu: Quỷ Nhập Tràng', 'https://cdn.galaxycine.vn/media/2024/11/14/linh-mieu-2_1731569950588.jpg', 'Hồng Đào, Nguyễn Thúc Thùy Tiên, Thiên An', 2024, '', 'https://www.youtube.com/watch?v=XsPl7SbL2kg', '2024-11-19', 109, 'Việt Nam', 'Linh Miêu: Quỷ Nhập Tràng lấy cảm hứng từ truyền thuyết dân gian về “quỷ nhập tràng” để xây dựng cốt truyện. Phim lồng ghép những nét văn hóa đặc trưng của Huế như nghệ thuật khảm sành - một văn hóa đặc sắc của thời nhà Nguyễn, đề cập đến các vấn đề về giai cấp và quan điểm trọng nam khinh nữ. Đặc biệt, hình ảnh rước kiệu thây ma và những hình nhân giấy không chỉ biểu trưng cho tai ương hay điềm dữ mà còn là hiện thân của nghiệp quả.', 2, 1, 8.10),
(2, 'MVS0045', 'Hành trình của Moana 2', 'https://cdn.galaxycine.vn/media/2024/12/4/moana-2-500_1733308287086.jpg', 'Auli\'i Cravalho, Alan Tudyk, Dwayne Johnson', 2024, '', 'https://www.youtube.com/watch?v=hDZ7y8RP5HE', '2024-11-29', 99, 'Mỹ', '“Hành Trình của Moana 2” là màn tái hợp của Moana và Maui sau 3 năm, trở lại trong chuyến phiêu lưu cùng với những thành viên mới. Theo tiếng gọi của tổ tiên, Moana sẽ tham gia cuộc hành trình đến những vùng biển xa xôi của Châu Đại Dương và sẽ đi tới vùng biển nguy hiểm, đã mất tích từ lâu. Phim mới Moana 2: Hành Trình Moana 2 có suất chiếu đặc biệt vào 30-01.12.2024 (không áp dụng movie voucher). Khởi chiếu 04.12 tại các rạp chiếu phim toàn quốc. ', 3, 1, 8.90),
(3, 'MVS0045', 'Chiến Địa Tử Thi', 'https://cdn.galaxycine.vn/media/2024/11/19/chien-dia-tu-thi-500_1732002114850.jpg', 'Nonkul, Awat Ratanapintha, Supitcha Sangkhachinda', 2024, '', 'https://www.youtube.com/watch?v=k_uHgoVKppU', '2024-11-28', 105, 'Thái Lan', 'Operation Undead / Chiến Địa Tử Thi lấy bối cảnh miền Nam Thái Lan trong một cuộc xâm lược ít được biết đến của quân đội Nhật Bản thời kỳ Thế chiến 2. Mek (Nonkul) là một hạ sĩ quan trong quân đội Thái Lan mang tình yêu lớn với đất nước, sẵn sàng hy sinh thân mình vì đại cuộc. Ngược lại, người em trai Mok (Awat Rattanaphinta) là một chàng trai trẻ thích tự do, không bao giờ muốn trở thành một người lính như cha và anh trai mình. Đối với Mok, việc tham gia chiến tranh giống như vứt bỏ mạng sống một cách vô ích. Tuy nhiên, Mok không may bị nhiễm bệnh và biến thành một xác sống đói ăn, điên loạn tấn công con người. Cùng lúc đó, Mek nhận lệnh gia nhập một đơn vị bí ẩn của Nhật Bản để truy lùng những người bị nhiễm bệnh, anh nhận ra người em trai Mok nằm trong danh sách mục tiêu. Khi đứng giữa tình thân và sự an nguy của đất nước, Mek sẽ đưa ra lựa chọn như thế nào? Phim mới Operation Undead / Chiến Địa Tử Thi suất chiếu đặc biệt 28.11 (Không áp dụng Movie Voucher) dự kiến khởi chiếu 29.11.2024 tại các rạp chiếu phim toàn quốc', 2, 1, 7.00),
(4, 'MVS0045', 'Cười Xuyên Biên Giới', 'https://cdn.galaxycine.vn/media/2024/11/12/cuoi-xuyen-bien-gioi-500_1731395845993.jpg', 'Ryu Seung Ryong, Jin Seon-Kyu', 2024, '', 'https://www.youtube.com/watch?v=4bdsuhHnj1c', '2024-11-13', 113, 'Hàn Quốc', 'Cười Xuyên Biên Giới kể về hành trình của Jin-bong (Ryu Seung-ryong) - cựu vô địch bắn cung quốc gia, sau khi nghỉ hưu, anh đã trở thành một nhân viên văn phòng bình thường. Đứng trước nguy cơ bị sa thải, Jin-bong phải nhận một nhiệm vụ bất khả thi là bay đến nửa kia của trái đất trong nỗ lực tuyệt vọng để sinh tồn.  Sống sót sau một sự cố đe doạ tính mạng, Jin-bong đã “hạ cánh” xuống khu rừng Amazon, nơi anh gặp bộ ba thổ dân bản địa có kỹ năng bắn cung thượng thừa: Sika, Eeba và Walbu. Tin rằng đã tìm ra cách để tự cứu mình, Jin-bong hợp tác với phiên dịch ngáo ngơ Bbang-sik (Jin Sun-kyu) và đưa ba chiến thần cung thủ đến Hàn Quốc cho một nhiệm vụ táo bạo. Phim mới Amazon Bullseye / Cười Xuyên Biên Giới suất chiếu sớm 13-14.11 (Không áp dụng Movie Voucher), dự kiến ra mắt tại các rạp chiếu phim toàn quốc từ 15.11.2024.', 3, 1, 7.60),
(5, 'MVS0045', 'Wicked', 'https://cdn.galaxycine.vn/media/2024/10/23/wicked-500_1729656608464.jpg', 'Cynthia Erivo, Ariana Grande, Dương Tử Quỳnh', 2024, '', '', '2024-11-22', 161, 'Mỹ', 'Wicked, câu chuyện chưa kể về các phù thủy xứ Oz, có sự tham gia của nữ viên viên Cynthia Erivo người từng đoạt giải Emmy, Grammy và Tony trong vai Elphaba, một phù thủy trẻ với làn da xanh đặc biệt, người vẫn chưa khám phá ra sức mạnh tiềm ẩn bên trong mình và “công chúa nhạc pop” Ariana Grande trong vai Glinda, một phù thủy trẻ nổi tiếng, được tô điểm bởi đặc quyền và tham vọng, người vẫn chưa khám phá ra trái tim thực sự của mình. Phim mới Wicked ra mắt tại các rạp chiếu phim từ 22.11.2024.', 3, 1, 9.00),
(6, 'MVS0045', 'Quỷ Treo Đầu', 'https://cdn.galaxycine.vn/media/2024/11/20/qu-treo-dau-500_1732094526458.jpg', 'Khun Chanon Ukkharachata, Nat Aniporn Chalermburanawong, Jack Jarupong Kluaymaingam', 2024, '', '', '2024-11-29', 97, 'Thái Lan', 'Petai & Nicha - cặp đôi trẻ đẹp liên tục bị quấy phá sau khi chuyển đến ngôi nhà gia truyền của Nicha.Từ những tiếng động cót két chói tai đến những cái chết mất xác; tất cả đều xuất phát từ một lời nguyền cổ xưa ma quái.  Phim mới Home Sweet Hell / Quỷ Treo Đầu dự kiến ra mắt tại các rạp chiếu phim toàn quốc từ 29.11.2024.', 2, 1, 7.00),
(7, 'MVS0045', 'BLue Preiod', 'https://cdn.galaxycine.vn/media/2024/11/21/blue-period-500_1732162662218.jpg', 'Maeda Gordon Itagaki Rihito Takahashi Fumiya', 2024, '', '', '2024-11-27', 115, 'Nhật Bản', 'Dựa trên bộ manga ăn khách cùng tên của tác giả Yamaguchi Tsubasa đã chiến thắng giải Manga Taisho năm 2020. Dưới vỏ bọc của một nam sinh xuất sắc, Yatora Yaguchi luôn cố gắng hết sức để làm hài lòng mọi người. Cậu chưa bao giờ cảm thấy mình thật sự đang sống cho đến khi cậu bắt đầu vẽ bức tranh về khung cảnh sáng sớm dưới màu xanh huyền ảo tại Shibuya. Lần đầu tiên trong cuộc đời tăm tối của mình, Yatora nhận ra được nhịp đập trái tim mạnh mẽ dành cho hội họa và nghệ thuật. \"Tôi không phải thiên tài, nhưng tôi sẽ phấn đấu cho đến khi trở thành thiên tài!\"  Phim mới Blue Period dự kiến ra mắt tại các rạp chiếu phim toàn quốc từ 29.11.2024.', 1, 1, 7.90),
(8, 'MVS0045', 'Mật Mã Đỏ', 'https://cdn.galaxycine.vn/media/2024/11/8/red-one-500_1731035309958.jpg', 'Dwayne Johnson, Chris Evans, Lucy Liu, J.K. Simmons', 2024, '', '', '2024-11-07', 123, 'Mỹ', 'Sau khi Ông già Noel (mật danh: Red One) bị bắt cóc, Trưởng An ninh Bắc Cực (Dwayne Johnson) phải hợp tác với thợ săn tiền thưởng khét tiếng nhất thế giới (Chris Evans) trong một nhiệm vụ kịch tính xuyên lục địa để giải cứu Giáng Sinh. Phim mới Red One / Red One: Mật Mã Đỏ suất chiếu sớm từ 7.11 (Không áp dụng movie voucher), dự kiến khởi chiếu 08.11.2024 tại các rạp chiếu phim toàn quốc. Cùng đặt lịch xem Red One / Mật Mã Đỏ', 3, 1, 8.50),
(44, 'MVS0045', 'Công Tử Bạc Liêu', 'https://cdn.galaxycine.vn/media/2024/11/15/cong-tu-bac-lieu-500_1731641572864.jpg', 'Song Luân, Kaiti Nguyễn', 2024, '', '', '2024-12-06', 113, 'Việt Nam', 'Lấy cảm hứng từ giai thoại nổi tiếng của nhân vật được mệnh danh là thiên hạ đệ nhất chơi ngông, Công Tử Bạc Liêu là bộ phim tâm lý hài hước, lấy bối cảnh Nam Kỳ Lục Tỉnh xưa của Việt Nam. BA HƠN - Con trai được thương yêu hết mực của ông Hội đồng Lịnh vốn là chủ ngân hàng đầu tiên tại Việt Nam, sau khi du học Pháp về đã sử dụng cả gia sản của mình vào những trò vui tiêu khiển, ăn chơi trác tán – nên được người dân gọi bằng cái tên Công Tử Bạc Liêu.\n\nXem thêm tại: https://www.galaxycine.vn/phim/cong-tu-bac-lieu/', 1, 1, 7.20),
(45, 'MVS0045', 'Tết Âm Hồn', 'https://cdn.galaxycine.vn/media/2024/11/27/tet-am-hon-500_1732679184107.jpg', 'Donny Alamsyah, Fauzan Nasrul, Anantya Kirana', 2024, '', '', '2024-12-06', 99, 'Indonesia', 'Lấy cảm hứng từ giai thoại nổi tiếng của nhân vật được mệnh danh là thiên hạ đệ nhất chơi ngông, Công Tử Bạc Liêu là bộ phim tâm lý hài hước, lấy bối cảnh Nam Kỳ Lục Tỉnh xưa của Việt Nam. BA HƠN - Con trai được thương yêu hết mực của ông Hội đồng Lịnh vốn là chủ ngân hàng đầu tiên tại Việt Nam, sau khi du học Pháp về đã sử dụng cả gia sản của mình vào những trò vui tiêu khiển, ăn chơi trác tán – nên được người dân gọi bằng cái tên Công Tử Bạc Liêu.\n\nXem thêm tại: https://www.galaxycine.vn/phim/cong-tu-bac-lieu/', 2, 1, 9.10),
(46, 'MVS0048', 'Kraven - Thợ Săn Thủ Lĩnh', 'https://cdn.galaxycine.vn/media/2024/11/7/kraven-the-hunter-500_1730972945631.jpg', 'Aaron Taylor Johnsonm, Russell Crowe', 2024, '', '', '2024-12-13', 127, 'Mỹ', 'Kraven the Hunter là câu chuyện đầy khốc liệt và hoành tráng về sự hình thành của một trong những phản diện biểu tượng nhất của Marvel - kẻ thù truyền kiếp của Spiderman. Aaron Taylor-Johnson đảm nhận vai Kraven, một người đàn ông có người cha mafia vô cùng tàn nhẫn, Nikolai Kravinoff (Russell Crowe) - người đã đưa anh vào con đường báo thù với những hệ quả tàn khốc. Điều này thúc đẩy anh không chỉ trở thành thợ săn vĩ đại nhất thế giới, mà còn là một trong những nhân vật đáng sợ nhất.', 2, 1, 8.50),
(47, 'MVS0048', 'Gia Đình Hoàn Hảo', 'https://cdn.galaxycine.vn/media/2024/12/11/gia-dinh-hoan-hao-500_1733887353260.jpg', 'Kim Hee Ae, Jang Dong Gun, Sul Kyoung Gu', 2024, '', '', '2024-12-13', 104, 'Hàn Quốc', 'Jae-wan là một luật sư chuyên bào chữa thành công cho những vụ án giết người. Em trai Jae-wan là một bác sĩ lương tri, luôn ưu tiên và đặt bệnh nhân lên trên lợi ích của chính mình. Bất ngờ, một sự việc nghiêm trọng giữa hai người con của hai anh em đã diễn ra và đặt ra cho họ một bài toán lương tâm về hướng giải quyết.', 1, 1, 8.00),
(48, 'MVS0048', 'Mufasa: Vua Sư Tử', 'https://cdn.galaxycine.vn/media/2024/12/11/mufasa-500_1733891077187.jpg', 'Aaron Pierre', 2024, '', '', '2024-12-18', 120, 'Mỹ', 'Thương hiệu kinh điển và nổi tiếng nhất nhì hãng Disney sẽ trở lại vào cuối năm nay với tác phẩm Mufasa: The Lion King. Phim kể về cuộc đời Mufasa – người cha đáng kính của Simba. Dù là tiền truyện, Mufasa: The Lion King vẫn lồng ghép nhân vật quen thuộc từ The Lion King. Khi Rafiki sẽ kể cho con gái Simba và Nala – cô bé Kiara về ông nội. Cùng lúc ấy, cặp đôi quen thuộc Timon và Pumbaa sẽ ở cạnh thêm thắt chi tiết hài hước. Nhiều năm trước câu chuyện chính, chú sư tử con Mufasa bơ vơ trơ trọi giữa đồng cỏ châu Phi. Dù không mang dòng máu hoàng gia nhưng Mufasa trở thành vua sư tử vĩ đại sau một hành trình đầy hấp dẫn và kịch tính.   Teaser phim đem đến cho công chúng trải nghiệm mãn nhãn nhờ phần kĩ xảo hoành tráng qua cảnh sắc thiên nhiên hùng vĩ, trải dài khắp các mùa với đủ địa hình đồi núi, thác nước, sông, rừng cây, đầm lầy… châu Phi. Mufasa gặp vô vàn tình huống giật gân như cuộc đối đầu con cá sấu khát máu hay cuộc di tản của đàn voi khổng lồ… cũng như hình ảnh gợi nhớ The Lion King như cuộc dạo chơi trên lưng đàn hà mã hay đủ loại động vật cùng nhau nhảy múa. Đặc biệt, Mufasa: The Lion King sẽ còn hé lộ mối quan hệ giữa hai anh em Mufasa và Taka (Kelvin Harrison Jr.). Trưởng thành và trải qua nhiều biến cố, tại sao Taka lại trở thành kẻ phản diện Scar tàn nhẫn trong The Lion King?  ', 3, 1, 9.90),
(49, 'MVS0049', 'Diverse Perspective', 'https://encrypted-tbn2.gstatic.com/images?q=tbn:ANd9GcQ9Gd0iW7cvxw_OV22YRkIEDbDIGKWRg6f4dzX0rA0dcUYEZddg', 'John Clause', 2025, 'What if Clone Shanks is the one that\'s actually strong ', '', '2025-01-18', 50, 'Space', 'What if Clone Shanks is the one that\'s actually strong and normal Shanks is a bum fraud with no Haki that\'s been leeching fame from his stronger, cooler clone?', 1, 0, 0.20);

-- --------------------------------------------------------

--
-- Cấu trúc bảng cho bảng `phongchieu`
--

CREATE TABLE `phongchieu` (
  `ID` int(11) NOT NULL,
  `MaPhong` varchar(15) NOT NULL,
  `TongSoGhe` int(11) NOT NULL,
  `TrangThaiPhongChieu` int(11) DEFAULT NULL
) ENGINE=InnoDB DEFAULT CHARSET=utf8mb4 COLLATE=utf8mb4_general_ci;

--
-- Đang đổ dữ liệu cho bảng `phongchieu`
--

INSERT INTO `phongchieu` (`ID`, `MaPhong`, `TongSoGhe`, `TrangThaiPhongChieu`) VALUES
(1, 'PC001', 60, 1),
(2, 'PC002', 60, 1),
(3, 'PC003', 60, 1),
(4, 'PC004', 20, 0),
(5, 'PC005', 20, 0),
(6, 'PC006', 40, 0);

-- --------------------------------------------------------

--
-- Cấu trúc bảng cho bảng `pttt`
--

CREATE TABLE `pttt` (
  `ID` int(11) NOT NULL,
  `MaPTTT` varchar(15) NOT NULL,
  `TenPTTT` varchar(200) NOT NULL,
  `TrangThaiPTTT` int(11) DEFAULT NULL
) ENGINE=InnoDB DEFAULT CHARSET=utf8mb4 COLLATE=utf8mb4_general_ci;

--
-- Đang đổ dữ liệu cho bảng `pttt`
--

INSERT INTO `pttt` (`ID`, `MaPTTT`, `TenPTTT`, `TrangThaiPTTT`) VALUES
(1, 'PT001', 'Tiền mặt', 1),
(2, 'PT002', 'Thẻ tín dụng', 0),
(3, 'PT003', 'Chuyển khoản', 1),
(4, 'PTTT5', 'Vay nợ', 0),
(5, 'PTWhat', 'Vay trước trả sau', 1);

-- --------------------------------------------------------

--
-- Cấu trúc bảng cho bảng `qrtz_blob_triggers`
--

CREATE TABLE `qrtz_blob_triggers` (
  `SCHED_NAME` varchar(120) NOT NULL,
  `TRIGGER_NAME` varchar(200) NOT NULL,
  `TRIGGER_GROUP` varchar(200) NOT NULL,
  `BLOB_DATA` blob DEFAULT NULL
) ENGINE=InnoDB DEFAULT CHARSET=utf8mb4 COLLATE=utf8mb4_general_ci;

-- --------------------------------------------------------

--
-- Cấu trúc bảng cho bảng `qrtz_calendars`
--

CREATE TABLE `qrtz_calendars` (
  `SCHED_NAME` varchar(120) NOT NULL,
  `CALENDAR_NAME` varchar(200) NOT NULL,
  `CALENDAR` blob NOT NULL
) ENGINE=InnoDB DEFAULT CHARSET=utf8mb4 COLLATE=utf8mb4_general_ci;

-- --------------------------------------------------------

--
-- Cấu trúc bảng cho bảng `qrtz_cron_triggers`
--

CREATE TABLE `qrtz_cron_triggers` (
  `SCHED_NAME` varchar(120) NOT NULL,
  `TRIGGER_NAME` varchar(200) NOT NULL,
  `TRIGGER_GROUP` varchar(200) NOT NULL,
  `CRON_EXPRESSION` varchar(120) NOT NULL,
  `TIME_ZONE_ID` varchar(80) DEFAULT NULL
) ENGINE=InnoDB DEFAULT CHARSET=utf8mb4 COLLATE=utf8mb4_general_ci;

-- --------------------------------------------------------

--
-- Cấu trúc bảng cho bảng `qrtz_fired_triggers`
--

CREATE TABLE `qrtz_fired_triggers` (
  `SCHED_NAME` varchar(120) NOT NULL,
  `ENTRY_ID` varchar(140) NOT NULL,
  `TRIGGER_NAME` varchar(200) NOT NULL,
  `TRIGGER_GROUP` varchar(200) NOT NULL,
  `INSTANCE_NAME` varchar(200) NOT NULL,
  `FIRED_TIME` bigint(19) NOT NULL,
  `SCHED_TIME` bigint(19) NOT NULL,
  `PRIORITY` int(11) NOT NULL,
  `STATE` varchar(16) NOT NULL,
  `JOB_NAME` varchar(200) DEFAULT NULL,
  `JOB_GROUP` varchar(200) DEFAULT NULL,
  `IS_NONCONCURRENT` tinyint(1) DEFAULT NULL,
  `REQUESTS_RECOVERY` tinyint(1) DEFAULT NULL
) ENGINE=InnoDB DEFAULT CHARSET=utf8mb4 COLLATE=utf8mb4_general_ci;

-- --------------------------------------------------------

--
-- Cấu trúc bảng cho bảng `qrtz_job_details`
--

CREATE TABLE `qrtz_job_details` (
  `SCHED_NAME` varchar(120) NOT NULL,
  `JOB_NAME` varchar(200) NOT NULL,
  `JOB_GROUP` varchar(200) NOT NULL,
  `DESCRIPTION` varchar(250) DEFAULT NULL,
  `JOB_CLASS_NAME` varchar(250) NOT NULL,
  `IS_DURABLE` tinyint(1) NOT NULL,
  `IS_NONCONCURRENT` tinyint(1) NOT NULL,
  `IS_UPDATE_DATA` tinyint(1) NOT NULL,
  `REQUESTS_RECOVERY` tinyint(1) NOT NULL,
  `JOB_DATA` blob DEFAULT NULL
) ENGINE=InnoDB DEFAULT CHARSET=utf8mb4 COLLATE=utf8mb4_general_ci;

--
-- Đang đổ dữ liệu cho bảng `qrtz_job_details`
--

INSERT INTO `qrtz_job_details` (`SCHED_NAME`, `JOB_NAME`, `JOB_GROUP`, `DESCRIPTION`, `JOB_CLASS_NAME`, `IS_DURABLE`, `IS_NONCONCURRENT`, `IS_UPDATE_DATA`, `REQUESTS_RECOVERY`, `JOB_DATA`) VALUES
('MyScheduler', 'EndSuatChieuJob1', 'suatchieuGroup', NULL, 'com.backend.cineboo.scheduledJobs.EndSuatChieuJob', 0, 0, 0, 0, 0xaced0005737200156f72672e71756172747a2e4a6f62446174614d61709fb083e8bfa9b0cb020000787200266f72672e71756172747a2e7574696c732e537472696e674b65794469727479466c61674d61708208e8c3fbc55d280200015a0013616c6c6f77735472616e7369656e74446174617872001d6f72672e71756172747a2e7574696c732e4469727479466c61674d617013e62ead28760ace0200025a000564697274794c00036d617074000f4c6a6176612f7574696c2f4d61703b787000737200116a6176612e7574696c2e486173684d61700507dac1c31660d103000246000a6c6f6164466163746f724900097468726573686f6c6478703f40000000000010770800000010000000007800),
('MyScheduler', 'FreeAllGheFromSuatChieuJob1', 'suatchieuGroup', NULL, 'com.backend.cineboo.scheduledJobs.FreeAllGheFromSuatChieuJob', 0, 0, 0, 0, 0xaced0005737200156f72672e71756172747a2e4a6f62446174614d61709fb083e8bfa9b0cb020000787200266f72672e71756172747a2e7574696c732e537472696e674b65794469727479466c61674d61708208e8c3fbc55d280200015a0013616c6c6f77735472616e7369656e74446174617872001d6f72672e71756172747a2e7574696c732e4469727479466c61674d617013e62ead28760ace0200025a000564697274794c00036d617074000f4c6a6176612f7574696c2f4d61703b787000737200116a6176612e7574696c2e486173684d61700507dac1c31660d103000246000a6c6f6164466163746f724900097468726573686f6c6478703f40000000000010770800000010000000007800),
('MyScheduler', 'StartSuatChieuJob1', 'suatchieuGroup', NULL, 'com.backend.cineboo.scheduledJobs.StartSuatChieuJob', 0, 0, 0, 0, 0xaced0005737200156f72672e71756172747a2e4a6f62446174614d61709fb083e8bfa9b0cb020000787200266f72672e71756172747a2e7574696c732e537472696e674b65794469727479466c61674d61708208e8c3fbc55d280200015a0013616c6c6f77735472616e7369656e74446174617872001d6f72672e71756172747a2e7574696c732e4469727479466c61674d617013e62ead28760ace0200025a000564697274794c00036d617074000f4c6a6176612f7574696c2f4d61703b787000737200116a6176612e7574696c2e486173684d61700507dac1c31660d103000246000a6c6f6164466163746f724900097468726573686f6c6478703f40000000000010770800000010000000007800),
('MyScheduler', 'unreserveGheAndSuatChieuJob130', 'hoaDonGroup', NULL, 'com.backend.cineboo.scheduledJobs.UnreserveGheAndSuatChieuJobs', 0, 0, 0, 0, 0xaced0005737200156f72672e71756172747a2e4a6f62446174614d61709fb083e8bfa9b0cb020000787200266f72672e71756172747a2e7574696c732e537472696e674b65794469727479466c61674d61708208e8c3fbc55d280200015a0013616c6c6f77735472616e7369656e74446174617872001d6f72672e71756172747a2e7574696c732e4469727479466c61674d617013e62ead28760ace0200025a000564697274794c00036d617074000f4c6a6176612f7574696c2f4d61703b787000737200116a6176612e7574696c2e486173684d61700507dac1c31660d103000246000a6c6f6164466163746f724900097468726573686f6c6478703f40000000000010770800000010000000007800);

-- --------------------------------------------------------

--
-- Cấu trúc bảng cho bảng `qrtz_locks`
--

CREATE TABLE `qrtz_locks` (
  `SCHED_NAME` varchar(120) NOT NULL,
  `LOCK_NAME` varchar(40) NOT NULL
) ENGINE=InnoDB DEFAULT CHARSET=utf8mb4 COLLATE=utf8mb4_general_ci;

--
-- Đang đổ dữ liệu cho bảng `qrtz_locks`
--

INSERT INTO `qrtz_locks` (`SCHED_NAME`, `LOCK_NAME`) VALUES
('MyScheduler', 'STATE_ACCESS'),
('MyScheduler', 'TRIGGER_ACCESS');

-- --------------------------------------------------------

--
-- Cấu trúc bảng cho bảng `qrtz_paused_trigger_grps`
--

CREATE TABLE `qrtz_paused_trigger_grps` (
  `SCHED_NAME` varchar(120) NOT NULL,
  `TRIGGER_GROUP` varchar(200) NOT NULL
) ENGINE=InnoDB DEFAULT CHARSET=utf8mb4 COLLATE=utf8mb4_general_ci;

-- --------------------------------------------------------

--
-- Cấu trúc bảng cho bảng `qrtz_scheduler_state`
--

CREATE TABLE `qrtz_scheduler_state` (
  `SCHED_NAME` varchar(120) NOT NULL,
  `INSTANCE_NAME` varchar(200) NOT NULL,
  `LAST_CHECKIN_TIME` bigint(19) NOT NULL,
  `CHECKIN_INTERVAL` bigint(19) NOT NULL
) ENGINE=InnoDB DEFAULT CHARSET=utf8mb4 COLLATE=utf8mb4_general_ci;

--
-- Đang đổ dữ liệu cho bảng `qrtz_scheduler_state`
--

INSERT INTO `qrtz_scheduler_state` (`SCHED_NAME`, `INSTANCE_NAME`, `LAST_CHECKIN_TIME`, `CHECKIN_INTERVAL`) VALUES
('MyScheduler', 'DESKTOP-BFUKT991734893965312', 1734895068879, 7500);

-- --------------------------------------------------------

--
-- Cấu trúc bảng cho bảng `qrtz_simple_triggers`
--

CREATE TABLE `qrtz_simple_triggers` (
  `SCHED_NAME` varchar(120) NOT NULL,
  `TRIGGER_NAME` varchar(200) NOT NULL,
  `TRIGGER_GROUP` varchar(200) NOT NULL,
  `REPEAT_COUNT` bigint(7) NOT NULL,
  `REPEAT_INTERVAL` bigint(12) NOT NULL,
  `TIMES_TRIGGERED` bigint(10) NOT NULL
) ENGINE=InnoDB DEFAULT CHARSET=utf8mb4 COLLATE=utf8mb4_general_ci;

--
-- Đang đổ dữ liệu cho bảng `qrtz_simple_triggers`
--

INSERT INTO `qrtz_simple_triggers` (`SCHED_NAME`, `TRIGGER_NAME`, `TRIGGER_GROUP`, `REPEAT_COUNT`, `REPEAT_INTERVAL`, `TIMES_TRIGGERED`) VALUES
('MyScheduler', 'EndSuatChieuTrigger1', 'suatchieuGroup', 0, 0, 0),
('MyScheduler', 'FreeAllGheFromSuatChieuTrigger1', 'suatchieuGroup', 0, 0, 0),
('MyScheduler', 'StartSuatChieuTrigger1', 'suatchieuGroup', 0, 0, 0),
('MyScheduler', 'unreserveGheAndSuatChieuTrigger130', 'hoaDonGroup', 0, 0, 0);

-- --------------------------------------------------------

--
-- Cấu trúc bảng cho bảng `qrtz_simprop_triggers`
--

CREATE TABLE `qrtz_simprop_triggers` (
  `SCHED_NAME` varchar(120) NOT NULL,
  `TRIGGER_NAME` varchar(200) NOT NULL,
  `TRIGGER_GROUP` varchar(200) NOT NULL,
  `STR_PROP_1` varchar(512) DEFAULT NULL,
  `STR_PROP_2` varchar(512) DEFAULT NULL,
  `STR_PROP_3` varchar(512) DEFAULT NULL,
  `INT_PROP_1` int(11) DEFAULT NULL,
  `INT_PROP_2` int(11) DEFAULT NULL,
  `LONG_PROP_1` bigint(20) DEFAULT NULL,
  `LONG_PROP_2` bigint(20) DEFAULT NULL,
  `DEC_PROP_1` decimal(13,4) DEFAULT NULL,
  `DEC_PROP_2` decimal(13,4) DEFAULT NULL,
  `BOOL_PROP_1` tinyint(1) DEFAULT NULL,
  `BOOL_PROP_2` tinyint(1) DEFAULT NULL,
  `TIME_ZONE_ID` varchar(80) DEFAULT NULL
) ENGINE=InnoDB DEFAULT CHARSET=utf8mb4 COLLATE=utf8mb4_general_ci;

-- --------------------------------------------------------

--
-- Cấu trúc bảng cho bảng `qrtz_triggers`
--

CREATE TABLE `qrtz_triggers` (
  `SCHED_NAME` varchar(120) NOT NULL,
  `TRIGGER_NAME` varchar(200) NOT NULL,
  `TRIGGER_GROUP` varchar(200) NOT NULL,
  `JOB_NAME` varchar(200) NOT NULL,
  `JOB_GROUP` varchar(200) NOT NULL,
  `DESCRIPTION` varchar(250) DEFAULT NULL,
  `NEXT_FIRE_TIME` bigint(19) DEFAULT NULL,
  `PREV_FIRE_TIME` bigint(19) DEFAULT NULL,
  `PRIORITY` int(11) DEFAULT NULL,
  `TRIGGER_STATE` varchar(16) NOT NULL,
  `TRIGGER_TYPE` varchar(8) NOT NULL,
  `START_TIME` bigint(19) NOT NULL,
  `END_TIME` bigint(19) DEFAULT NULL,
  `CALENDAR_NAME` varchar(200) DEFAULT NULL,
  `MISFIRE_INSTR` smallint(2) DEFAULT NULL,
  `JOB_DATA` blob DEFAULT NULL
) ENGINE=InnoDB DEFAULT CHARSET=utf8mb4 COLLATE=utf8mb4_general_ci;

--
-- Đang đổ dữ liệu cho bảng `qrtz_triggers`
--

INSERT INTO `qrtz_triggers` (`SCHED_NAME`, `TRIGGER_NAME`, `TRIGGER_GROUP`, `JOB_NAME`, `JOB_GROUP`, `DESCRIPTION`, `NEXT_FIRE_TIME`, `PREV_FIRE_TIME`, `PRIORITY`, `TRIGGER_STATE`, `TRIGGER_TYPE`, `START_TIME`, `END_TIME`, `CALENDAR_NAME`, `MISFIRE_INSTR`, `JOB_DATA`) VALUES
('MyScheduler', 'EndSuatChieuTrigger1', 'suatchieuGroup', 'EndSuatChieuJob1', 'suatchieuGroup', NULL, 1735736400000, -1, 5, 'WAITING', 'SIMPLE', 1735736400000, 0, NULL, 1, 0xaced0005737200156f72672e71756172747a2e4a6f62446174614d61709fb083e8bfa9b0cb020000787200266f72672e71756172747a2e7574696c732e537472696e674b65794469727479466c61674d61708208e8c3fbc55d280200015a0013616c6c6f77735472616e7369656e74446174617872001d6f72672e71756172747a2e7574696c732e4469727479466c61674d617013e62ead28760ace0200025a000564697274794c00036d617074000f4c6a6176612f7574696c2f4d61703b787001737200116a6176612e7574696c2e486173684d61700507dac1c31660d103000246000a6c6f6164466163746f724900097468726573686f6c6478703f4000000000000c7708000000100000000174000269647372000e6a6176612e6c616e672e4c6f6e673b8be490cc8f23df0200014a000576616c7565787200106a6176612e6c616e672e4e756d62657286ac951d0b94e08b020000787000000000000000017800),
('MyScheduler', 'FreeAllGheFromSuatChieuTrigger1', 'suatchieuGroup', 'FreeAllGheFromSuatChieuJob1', 'suatchieuGroup', NULL, 1735736700000, -1, 5, 'WAITING', 'SIMPLE', 1735736700000, 0, NULL, 1, 0xaced0005737200156f72672e71756172747a2e4a6f62446174614d61709fb083e8bfa9b0cb020000787200266f72672e71756172747a2e7574696c732e537472696e674b65794469727479466c61674d61708208e8c3fbc55d280200015a0013616c6c6f77735472616e7369656e74446174617872001d6f72672e71756172747a2e7574696c732e4469727479466c61674d617013e62ead28760ace0200025a000564697274794c00036d617074000f4c6a6176612f7574696c2f4d61703b787001737200116a6176612e7574696c2e486173684d61700507dac1c31660d103000246000a6c6f6164466163746f724900097468726573686f6c6478703f4000000000000c7708000000100000000174000269647372000e6a6176612e6c616e672e4c6f6e673b8be490cc8f23df0200014a000576616c7565787200106a6176612e6c616e672e4e756d62657286ac951d0b94e08b020000787000000000000000017800),
('MyScheduler', 'StartSuatChieuTrigger1', 'suatchieuGroup', 'StartSuatChieuJob1', 'suatchieuGroup', NULL, 1735729200000, -1, 5, 'WAITING', 'SIMPLE', 1735729200000, 0, NULL, 1, 0xaced0005737200156f72672e71756172747a2e4a6f62446174614d61709fb083e8bfa9b0cb020000787200266f72672e71756172747a2e7574696c732e537472696e674b65794469727479466c61674d61708208e8c3fbc55d280200015a0013616c6c6f77735472616e7369656e74446174617872001d6f72672e71756172747a2e7574696c732e4469727479466c61674d617013e62ead28760ace0200025a000564697274794c00036d617074000f4c6a6176612f7574696c2f4d61703b787001737200116a6176612e7574696c2e486173684d61700507dac1c31660d103000246000a6c6f6164466163746f724900097468726573686f6c6478703f4000000000000c7708000000100000000174000269647372000e6a6176612e6c616e672e4c6f6e673b8be490cc8f23df0200014a000576616c7565787200106a6176612e6c616e672e4e756d62657286ac951d0b94e08b020000787000000000000000017800),
('MyScheduler', 'unreserveGheAndSuatChieuTrigger130', 'hoaDonGroup', 'unreserveGheAndSuatChieuJob130', 'hoaDonGroup', NULL, 1734895144274, -1, 5, 'WAITING', 'SIMPLE', 1734895144274, 0, NULL, 1, 0xaced0005737200156f72672e71756172747a2e4a6f62446174614d61709fb083e8bfa9b0cb020000787200266f72672e71756172747a2e7574696c732e537472696e674b65794469727479466c61674d61708208e8c3fbc55d280200015a0013616c6c6f77735472616e7369656e74446174617872001d6f72672e71756172747a2e7574696c732e4469727479466c61674d617013e62ead28760ace0200025a000564697274794c00036d617074000f4c6a6176612f7574696c2f4d61703b787001737200116a6176612e7574696c2e486173684d61700507dac1c31660d103000246000a6c6f6164466163746f724900097468726573686f6c6478703f4000000000000c7708000000100000000174000269647372000e6a6176612e6c616e672e4c6f6e673b8be490cc8f23df0200014a000576616c7565787200106a6176612e6c616e672e4e756d62657286ac951d0b94e08b020000787000000000000000827800);

-- --------------------------------------------------------

--
-- Cấu trúc bảng cho bảng `review`
--

CREATE TABLE `review` (
  `ID` int(11) NOT NULL,
  `MaReview` varchar(50) GENERATED ALWAYS AS (concat('RV',`ID`)) VIRTUAL,
  `ID_KhachHang` int(11) NOT NULL,
  `ID_Phim` int(11) NOT NULL,
  `DanhGia` tinyint(4) NOT NULL CHECK (`DanhGia` > 0 and `DanhGia` <= 10),
  `BinhLuan` varchar(2000) NOT NULL,
  `TrangThaiReview` tinyint(4) DEFAULT NULL
) ENGINE=InnoDB DEFAULT CHARSET=utf8mb4 COLLATE=utf8mb4_general_ci;

--
-- Đang đổ dữ liệu cho bảng `review`
--

INSERT INTO `review` (`ID`, `ID_KhachHang`, `ID_Phim`, `DanhGia`, `BinhLuan`, `TrangThaiReview`) VALUES
(1, 1, 1, 7, 'OK', 1),
(2, 1, 2, 5, 'mid', 1),
(3, 1, 3, 5, 'Average', 1),
(4, 2, 3, 5, 'Average', 1);

-- --------------------------------------------------------

--
-- Cấu trúc bảng cho bảng `suatchieu`
--

CREATE TABLE `suatchieu` (
  `ID` int(11) NOT NULL,
  `MaSuatChieu` varchar(15) NOT NULL,
  `ThoiGianChieu` datetime NOT NULL,
  `ID_Phim` int(11) DEFAULT NULL,
  `TrangThaiSuatChieu` int(11) DEFAULT NULL,
  `ID_PhongChieu` int(11) DEFAULT NULL COMMENT 'Column should only be used to avoid INSERT duplication of based on (ID_PhongChieu, ID_Phim, ThoiGianChieu). It''s best to query PhongChieu and its properties by going SuatChieu > GheAndSuatChieu > Ghe > PhongChieu'
) ENGINE=InnoDB DEFAULT CHARSET=utf8mb4 COLLATE=utf8mb4_general_ci;

--
-- Đang đổ dữ liệu cho bảng `suatchieu`
--

INSERT INTO `suatchieu` (`ID`, `MaSuatChieu`, `ThoiGianChieu`, `ID_Phim`, `TrangThaiSuatChieu`, `ID_PhongChieu`) VALUES
(1, 'MSC001', '2024-12-12 15:47:02', 1, 1, 1),
(2, 'MSC002', '2024-12-17 08:00:00', 1, 1, 1),
(3, 'MSC004', '2024-12-17 12:00:00', 1, 1, 1),
(4, 'MSC004', '2024-12-17 16:00:00', 2, 1, 1),
(5, 'MSC006', '2024-12-17 18:00:00', 2, 1, 1),
(6, 'MSC008', '2024-12-17 20:00:00', 2, 1, 1),
(7, 'MSC007', '2024-12-18 10:00:00', 3, 1, 1),
(8, 'MSC009', '2024-12-18 08:00:00', 3, 1, 1),
(9, 'MSC0011', '2024-12-18 12:00:00', 3, 1, 1),
(10, 'MSC0010', '2024-12-18 16:00:00', 4, 1, 1),
(11, 'MSC0012', '2024-12-18 18:00:00', 4, 1, 1),
(12, 'MSC0014', '2024-12-18 20:00:00', 4, 1, 1),
(13, 'MSC0013', '2024-12-19 10:00:00', 5, 1, 1),
(14, 'MSC0014', '2024-12-19 16:00:00', 5, 1, 1),
(15, 'MSC0015', '2024-12-19 20:00:00', 5, 1, 1),
(16, 'MSC0016', '2024-12-19 10:00:00', 46, 1, 2),
(17, 'MSC0017', '2024-12-19 08:00:00', 45, 1, 2),
(18, 'MSC0018', '2024-12-19 08:00:00', 7, 1, 6),
(19, 'MSC0020', '2024-12-19 10:00:00', 7, 1, 6),
(20, 'MSC0022', '2024-12-19 12:00:00', 7, 1, 6),
(21, 'MSC0024', '2024-12-19 14:00:00', 7, 1, 6),
(22, 'MSC0022', '2024-12-20 08:00:00', 46, 1, 6),
(23, 'MSC0024', '2024-12-20 12:00:00', 46, 1, 6),
(24, 'MSC0024', '2024-12-20 12:00:00', 47, 1, 5),
(25, 'MSC0026', '2024-12-20 08:00:00', 47, 1, 5),
(26, 'MSC0028', '2024-12-20 14:00:00', 47, 1, 5),
(27, 'MSC0027', '2024-12-18 12:00:00', 48, 1, 4),
(28, 'MSC0029', '2024-12-18 08:00:00', 48, 1, 4),
(29, 'MSC0031', '2024-12-18 14:00:00', 48, 1, 4),
(30, 'MSC0033', '2024-12-18 20:00:00', 48, 1, 4),
(31, 'MSC0031', '2024-12-17 12:00:00', 48, 1, 6),
(32, 'MSC0033', '2024-12-17 08:00:00', 48, 1, 6),
(33, 'MSC0035', '2024-12-17 14:00:00', 48, 1, 6),
(34, 'MSC0037', '2024-12-17 20:00:00', 48, 1, 6),
(35, 'MSC0039', '2024-12-17 10:00:00', 48, 1, 6),
(36, 'MSC0036', '2024-12-18 20:00:00', 1, 1, 3),
(37, 'MSC0037', '2024-12-18 14:00:00', 1, 1, 3),
(38, 'MSC0038', '2024-12-19 14:00:00', 1, 1, 2),
(39, 'MSC0039', '2024-12-18 18:00:00', 1, 1, 4),
(40, 'MSC0040', '2024-12-20 08:00:00', 1, 1, 1),
(41, 'MSC0042', '2024-12-20 10:00:00', 1, 1, 1),
(42, 'MSC0042', '2024-12-20 12:00:00', 1, 1, 1),
(43, 'MSC0044', '2024-12-20 16:00:00', 1, 1, 1),
(44, 'MSC0044', '2024-12-20 14:00:00', 2, 1, 1),
(45, 'MSC0046', '2024-12-20 18:00:00', 2, 1, 1),
(46, 'MSC0046', '2024-12-20 14:00:00', 5, 1, 2),
(47, 'MSC0048', '2024-12-20 18:00:00', 5, 1, 2),
(48, 'MSC0050', '2024-12-20 10:00:00', 5, 1, 2),
(49, 'MSC0049', '2024-12-20 08:00:00', 5, 1, 4),
(50, 'MSC0050', '2025-02-08 08:00:00', 48, 0, 6),
(51, 'MSC0052', '2025-02-08 10:00:00', 48, 0, 6),
(52, 'MSC0054', '2025-02-08 12:00:00', 48, 0, 6),
(53, 'MSC0056', '2025-02-08 14:00:00', 48, 0, 6),
(54, 'MSC0058', '2025-02-08 16:00:00', 48, 0, 6),
(55, 'MSC0060', '2025-02-08 20:00:00', 48, 0, 6),
(56, 'MSC0062', '2025-02-08 18:00:00', 48, 0, 6),
(57, 'MSC0057', '2024-12-20 12:00:00', 48, 1, 4),
(58, 'MSC0058', '2024-12-20 14:00:00', 48, 1, 4),
(59, 'MSC0059', '2024-12-21 08:00:00', 1, 0, 1),
(60, 'MSC0060', '2024-12-21 16:00:00', 48, 0, 6),
(61, 'MSC0062', '2024-12-21 08:00:00', 48, 0, 6),
(62, 'MSC0062', '2024-12-22 16:00:00', 47, 0, 5),
(63, 'MSC0064', '2024-12-22 08:00:00', 47, 0, 5),
(64, 'MSC0064', '2024-12-28 08:00:00', 5, 0, 2),
(65, 'MSC0066', '2024-12-28 12:00:00', 5, 0, 2),
(66, 'MSC0068', '2024-12-28 16:00:00', 5, 0, 2),
(67, 'MSC0070', '2024-12-28 20:00:00', 5, 4, 2),
(68, 'MSC0068', '2024-12-21 12:00:00', 1, 3, 1),
(69, 'MSC0069', '2024-12-22 20:00:00', 1, 0, 1),
(70, 'MSC0071', '2024-12-22 16:00:00', 1, 0, 1),
(71, 'MSC0073', '2024-12-22 12:00:00', 1, 0, 1),
(72, 'MSC0075', '2024-12-22 08:00:00', 1, 0, 1),
(73, 'MSC0073', '2024-12-23 12:00:00', 1, 0, 1),
(74, 'MSC0075', '2024-12-23 08:00:00', 1, 0, 1),
(75, 'MSC0077', '2024-12-23 20:00:00', 1, 0, 1),
(76, 'MSC0079', '2024-12-23 16:00:00', 1, 0, 1);

-- --------------------------------------------------------

--
-- Cấu trúc bảng cho bảng `taikhoan`
--

CREATE TABLE `taikhoan` (
  `ID` int(11) NOT NULL,
  `MaTaiKhoan` varchar(20) GENERATED ALWAYS AS (concat('TK00',`ID`)) VIRTUAL,
  `TenDangNhap` varchar(100) NOT NULL,
  `MatKhau` varchar(100) NOT NULL,
  `TrangThaiTaiKhoan` int(11) NOT NULL,
  `ID_PhanLoaiTaiKhoan` int(11) NOT NULL,
  `OTP` varchar(60) DEFAULT NULL,
  `GhiChu` varchar(100) DEFAULT NULL,
  `Email` varchar(255) NOT NULL
) ENGINE=InnoDB DEFAULT CHARSET=utf8mb4 COLLATE=utf8mb4_general_ci;

--
-- Đang đổ dữ liệu cho bảng `taikhoan`
--

INSERT INTO `taikhoan` (`ID`, `TenDangNhap`, `MatKhau`, `TrangThaiTaiKhoan`, `ID_PhanLoaiTaiKhoan`, `OTP`, `GhiChu`, `Email`) VALUES
(1, 'tk1', '$2a$10$AUjsHuZQ/OcDOkZwY5c8euBVJnNs/81d.395E2iwWmZsXcNIZhmwO', 1, 1, '', '', '01dkhoa01@gmail.com'),
(2, 'tk2', '$2a$10$VVXhYwpxUdTQrLpURl57UO0H89kbTKvosB8YCPQqe2lVZTTIJ8m6q', 1, 1, '', '', '04vinh04@gmail.com'),
(3, 'tk3', '$2a$10$Uko2FFUAYGOF1LQxzDM6Ve77ZGgj0M3AMxO5mBE4ZiuFhsUN5hG0.', 1, 2, '', '', 'Entonio@email.com'),
(4, 'tk4', '$2a$10$sSWnHd7EM1Txct6eMjSpXuvNUU0NW.lFiuW7V.5wSYqUIpJZgQo6i', 1, 2, '', '', '04dkhoa04@gmail.com'),
(5, 'tk5', '$2a$10$cMVCilb3.wLa7GqntLvdxOGKUTqVsqbaks/pwkM.dzVf8.LIpFxnW', 1, 2, '', '', 'shanksdrat@ratmail.com'),
(6, 'mk6', '$2a$10$MJbAM0LNIZx0kWA5SmAwcuPsAZYhMiQYXQU9bSbgEkyqYjbrETYfG', 1, 2, '', '', 'scraps@email.com'),
(11, 'tk8', '$2a$10$umWGAOXhaS8Z.MKf5eCta.lHo.zjDaUOYXbxI2pLZV32FH0xkJeRm', 1, 2, '', '', 'Roma25@email.com'),
(12, 'tk7', '$2a$10$1iPL6RrmGBR7/ax0mY85o.8T2iWUso3ZpEq5FJcOf5yxy8WVg5Kfa', 1, 1, '', '', '04huy04@gmail.com'),
(13, 'huy04', '$2a$10$CxV9hHHbFdLt6IwEPolcDODyhuZ9Gze1PN4ms/vL46hahxZxDf7CS', 1, 2, '', '', 'test-6470e0@test.mailgenius.com'),
(14, 'stormyNights96', '$2a$10$UinmUbUEK0S6HMYp6jPybe5osK8Z9Y05R/uVqNTlnzcWzCa4eznLy', 1, 2, '', '', 'huyvhpp02961@fpt.edu.vn'),
(15, 'mooneyLake69', '$2a$10$Aa9oaBTeNrGXrxWY/S8e7uV4QsgHFyMsjQ5WFEXa5EHPqV4NyYBYG', 1, 2, '', '', 'Lume251@email.com'),
(18, 'truong04', '$2a$10$A7WxH6FAthHnMDaQcCmzEesGrNoaJSC9CGTspMMho3Vo5KwgAD.Ty', 1, 2, '', '', 'truong04@gmail.com'),
(19, 'vinh04', '$2a$10$J0/OTYznmFDs3fUw66IJCu7rlkxK0jVu4GPZgubXi6azJYJwcL0j6', 1, 2, '', '', '04dkhoa01@gmail.com');

-- --------------------------------------------------------

--
-- Cấu trúc bảng cho bảng `theloaiphim`
--

CREATE TABLE `theloaiphim` (
  `ID` int(11) NOT NULL,
  `MaTLPhim` varchar(15) NOT NULL,
  `TenTheLoai` varchar(100) NOT NULL,
  `TrangThai` int(11) DEFAULT NULL
) ENGINE=InnoDB DEFAULT CHARSET=utf8mb4 COLLATE=utf8mb4_general_ci;

--
-- Đang đổ dữ liệu cho bảng `theloaiphim`
--

INSERT INTO `theloaiphim` (`ID`, `MaTLPhim`, `TenTheLoai`, `TrangThai`) VALUES
(1, 'TL001', 'Ngoại tình', 1),
(2, 'TL002', 'Hài hước', 1),
(3, 'TL003', 'Kinh dị', 1),
(4, 'TL004', 'Tâm lý', 1),
(5, 'TL005', 'Tình cảm', 1),
(6, 'TL006', 'Hành động', 1);

-- --------------------------------------------------------

--
-- Cấu trúc bảng cho bảng `voucher`
--

CREATE TABLE `voucher` (
  `ID` int(11) NOT NULL,
  `MaVoucher` varchar(15) NOT NULL,
  `GiaTriDoi` int(11) NOT NULL,
  `TruTienPhanTram` int(11) DEFAULT NULL,
  `TruTienSo` decimal(18,2) DEFAULT NULL,
  `SoTienToiThieu` decimal(18,2) DEFAULT NULL,
  `GiamToiDa` decimal(18,2) DEFAULT NULL,
  `NgayBatDau` date DEFAULT NULL,
  `NgayKetThuc` date DEFAULT NULL,
  `SoLuong` int(11) DEFAULT NULL,
  `TrangThaiVoucher` int(11) DEFAULT NULL
) ENGINE=InnoDB DEFAULT CHARSET=utf8mb4 COLLATE=utf8mb4_general_ci;

--
-- Đang đổ dữ liệu cho bảng `voucher`
--

INSERT INTO `voucher` (`ID`, `MaVoucher`, `GiaTriDoi`, `TruTienPhanTram`, `TruTienSo`, `SoTienToiThieu`, `GiamToiDa`, `NgayBatDau`, `NgayKetThuc`, `SoLuong`, `TrangThaiVoucher`) VALUES
(1, 'VC001', 500, 0, 500.00, 500.00, 5000.00, '2025-01-01', '2025-05-01', 999, 1),
(2, 'VC002', 5000, 0, 5000.00, 5000.00, 20000.00, '2025-05-01', '2025-09-01', 999, 1),
(3, 'VC003', 0, 5, 0.00, 20000.00, 100000.00, '2025-09-01', '2026-01-01', 999, 1),
(10, 'MVC001', 1, 1, 1.00, 1.00, 1.00, '2024-12-22', '2024-12-22', 1, 0);

--
-- Chỉ mục cho các bảng đã đổ
--

--
-- Chỉ mục cho bảng `chitiethoadon`
--
ALTER TABLE `chitiethoadon`
  ADD PRIMARY KEY (`ID`),
  ADD KEY `ID_HoaDon` (`ID_HoaDon`),
  ADD KEY `ID_Ghe` (`ID_GheAndSuatChieu`);

--
-- Chỉ mục cho bảng `danhsachhoanve`
--
ALTER TABLE `danhsachhoanve`
  ADD PRIMARY KEY (`ID`),
  ADD UNIQUE KEY `ID_HoaDon` (`ID_HoaDon`),
  ADD UNIQUE KEY `ID_HoaDon_2` (`ID_HoaDon`);

--
-- Chỉ mục cho bảng `danhsachtlphim`
--
ALTER TABLE `danhsachtlphim`
  ADD PRIMARY KEY (`ID`),
  ADD KEY `ID_Phim` (`ID_Phim`),
  ADD KEY `ID_TLPhim` (`ID_TLPhim`);

--
-- Chỉ mục cho bảng `dotuoi`
--
ALTER TABLE `dotuoi`
  ADD PRIMARY KEY (`ID`);

--
-- Chỉ mục cho bảng `ghe`
--
ALTER TABLE `ghe`
  ADD PRIMARY KEY (`ID`),
  ADD KEY `ID_PhongChieu` (`ID_PhongChieu`);

--
-- Chỉ mục cho bảng `gheandsuatchieu`
--
ALTER TABLE `gheandsuatchieu`
  ADD PRIMARY KEY (`ID`),
  ADD UNIQUE KEY `Ghe_And_SuatChieu_Unique_Key` (`ID_GHE`,`ID_SUATCHIEU`),
  ADD KEY `FK_GHEANDSUATCHIEU_SUATCHIEU` (`ID_SUATCHIEU`);

--
-- Chỉ mục cho bảng `hoadon`
--
ALTER TABLE `hoadon`
  ADD PRIMARY KEY (`ID`),
  ADD KEY `ID_KhachHang` (`ID_KhachHang`),
  ADD KEY `ID_Voucher` (`ID_Voucher`),
  ADD KEY `ID_PTTT` (`ID_PTTT`);

--
-- Chỉ mục cho bảng `khachhang`
--
ALTER TABLE `khachhang`
  ADD PRIMARY KEY (`ID`),
  ADD KEY `ID_PhanLoai` (`ID_PhanLoai`),
  ADD KEY `ID_TaiKhoan` (`ID_TaiKhoan`);

--
-- Chỉ mục cho bảng `khoqua`
--
ALTER TABLE `khoqua`
  ADD PRIMARY KEY (`ID`),
  ADD KEY `ID_KhachHang` (`ID_KhachHang`),
  ADD KEY `ID_Voucher` (`ID_Voucher`);

--
-- Chỉ mục cho bảng `nhanvien`
--
ALTER TABLE `nhanvien`
  ADD PRIMARY KEY (`ID`),
  ADD UNIQUE KEY `SoDienThoai` (`SoDienThoai`),
  ADD KEY `ID_ChucVu` (`ID_ChucVu`),
  ADD KEY `ID_TaiKhoan` (`ID_TaiKhoan`);

--
-- Chỉ mục cho bảng `phanloaichucvu`
--
ALTER TABLE `phanloaichucvu`
  ADD PRIMARY KEY (`ID`);

--
-- Chỉ mục cho bảng `phanloaikhachhang`
--
ALTER TABLE `phanloaikhachhang`
  ADD PRIMARY KEY (`ID`);

--
-- Chỉ mục cho bảng `phanloaitaikhoan`
--
ALTER TABLE `phanloaitaikhoan`
  ADD PRIMARY KEY (`ID`),
  ADD UNIQUE KEY `TenLoaiTaiKhoan` (`TenLoaiTaiKhoan`);

--
-- Chỉ mục cho bảng `phim`
--
ALTER TABLE `phim`
  ADD PRIMARY KEY (`ID`),
  ADD KEY `FK_PHIM_DOTUOI` (`GioiHanDoTuoi`);

--
-- Chỉ mục cho bảng `phongchieu`
--
ALTER TABLE `phongchieu`
  ADD PRIMARY KEY (`ID`);

--
-- Chỉ mục cho bảng `pttt`
--
ALTER TABLE `pttt`
  ADD PRIMARY KEY (`ID`);

--
-- Chỉ mục cho bảng `qrtz_blob_triggers`
--
ALTER TABLE `qrtz_blob_triggers`
  ADD PRIMARY KEY (`SCHED_NAME`,`TRIGGER_NAME`,`TRIGGER_GROUP`),
  ADD KEY `SCHED_NAME` (`SCHED_NAME`,`TRIGGER_NAME`,`TRIGGER_GROUP`);

--
-- Chỉ mục cho bảng `qrtz_calendars`
--
ALTER TABLE `qrtz_calendars`
  ADD PRIMARY KEY (`SCHED_NAME`,`CALENDAR_NAME`);

--
-- Chỉ mục cho bảng `qrtz_cron_triggers`
--
ALTER TABLE `qrtz_cron_triggers`
  ADD PRIMARY KEY (`SCHED_NAME`,`TRIGGER_NAME`,`TRIGGER_GROUP`);

--
-- Chỉ mục cho bảng `qrtz_fired_triggers`
--
ALTER TABLE `qrtz_fired_triggers`
  ADD PRIMARY KEY (`SCHED_NAME`,`ENTRY_ID`),
  ADD KEY `IDX_QRTZ_FT_TRIG_INST_NAME` (`SCHED_NAME`,`INSTANCE_NAME`),
  ADD KEY `IDX_QRTZ_FT_INST_JOB_REQ_RCVRY` (`SCHED_NAME`,`INSTANCE_NAME`,`REQUESTS_RECOVERY`),
  ADD KEY `IDX_QRTZ_FT_J_G` (`SCHED_NAME`,`JOB_NAME`,`JOB_GROUP`),
  ADD KEY `IDX_QRTZ_FT_JG` (`SCHED_NAME`,`JOB_GROUP`),
  ADD KEY `IDX_QRTZ_FT_T_G` (`SCHED_NAME`,`TRIGGER_NAME`,`TRIGGER_GROUP`),
  ADD KEY `IDX_QRTZ_FT_TG` (`SCHED_NAME`,`TRIGGER_GROUP`);

--
-- Chỉ mục cho bảng `qrtz_job_details`
--
ALTER TABLE `qrtz_job_details`
  ADD PRIMARY KEY (`SCHED_NAME`,`JOB_NAME`,`JOB_GROUP`),
  ADD KEY `IDX_QRTZ_J_REQ_RECOVERY` (`SCHED_NAME`,`REQUESTS_RECOVERY`),
  ADD KEY `IDX_QRTZ_J_GRP` (`SCHED_NAME`,`JOB_GROUP`);

--
-- Chỉ mục cho bảng `qrtz_locks`
--
ALTER TABLE `qrtz_locks`
  ADD PRIMARY KEY (`SCHED_NAME`,`LOCK_NAME`);

--
-- Chỉ mục cho bảng `qrtz_paused_trigger_grps`
--
ALTER TABLE `qrtz_paused_trigger_grps`
  ADD PRIMARY KEY (`SCHED_NAME`,`TRIGGER_GROUP`);

--
-- Chỉ mục cho bảng `qrtz_scheduler_state`
--
ALTER TABLE `qrtz_scheduler_state`
  ADD PRIMARY KEY (`SCHED_NAME`,`INSTANCE_NAME`);

--
-- Chỉ mục cho bảng `qrtz_simple_triggers`
--
ALTER TABLE `qrtz_simple_triggers`
  ADD PRIMARY KEY (`SCHED_NAME`,`TRIGGER_NAME`,`TRIGGER_GROUP`);

--
-- Chỉ mục cho bảng `qrtz_simprop_triggers`
--
ALTER TABLE `qrtz_simprop_triggers`
  ADD PRIMARY KEY (`SCHED_NAME`,`TRIGGER_NAME`,`TRIGGER_GROUP`);

--
-- Chỉ mục cho bảng `qrtz_triggers`
--
ALTER TABLE `qrtz_triggers`
  ADD PRIMARY KEY (`SCHED_NAME`,`TRIGGER_NAME`,`TRIGGER_GROUP`),
  ADD KEY `IDX_QRTZ_T_J` (`SCHED_NAME`,`JOB_NAME`,`JOB_GROUP`),
  ADD KEY `IDX_QRTZ_T_JG` (`SCHED_NAME`,`JOB_GROUP`),
  ADD KEY `IDX_QRTZ_T_C` (`SCHED_NAME`,`CALENDAR_NAME`),
  ADD KEY `IDX_QRTZ_T_G` (`SCHED_NAME`,`TRIGGER_GROUP`),
  ADD KEY `IDX_QRTZ_T_STATE` (`SCHED_NAME`,`TRIGGER_STATE`),
  ADD KEY `IDX_QRTZ_T_N_STATE` (`SCHED_NAME`,`TRIGGER_NAME`,`TRIGGER_GROUP`,`TRIGGER_STATE`),
  ADD KEY `IDX_QRTZ_T_N_G_STATE` (`SCHED_NAME`,`TRIGGER_GROUP`,`TRIGGER_STATE`),
  ADD KEY `IDX_QRTZ_T_NEXT_FIRE_TIME` (`SCHED_NAME`,`NEXT_FIRE_TIME`),
  ADD KEY `IDX_QRTZ_T_NFT_ST` (`SCHED_NAME`,`TRIGGER_STATE`,`NEXT_FIRE_TIME`),
  ADD KEY `IDX_QRTZ_T_NFT_MISFIRE` (`SCHED_NAME`,`MISFIRE_INSTR`,`NEXT_FIRE_TIME`),
  ADD KEY `IDX_QRTZ_T_NFT_ST_MISFIRE` (`SCHED_NAME`,`MISFIRE_INSTR`,`NEXT_FIRE_TIME`,`TRIGGER_STATE`),
  ADD KEY `IDX_QRTZ_T_NFT_ST_MISFIRE_GRP` (`SCHED_NAME`,`MISFIRE_INSTR`,`NEXT_FIRE_TIME`,`TRIGGER_GROUP`,`TRIGGER_STATE`);

--
-- Chỉ mục cho bảng `review`
--
ALTER TABLE `review`
  ADD PRIMARY KEY (`ID`),
  ADD UNIQUE KEY `ID_KhachHang` (`ID_KhachHang`,`ID_Phim`);

--
-- Chỉ mục cho bảng `suatchieu`
--
ALTER TABLE `suatchieu`
  ADD PRIMARY KEY (`ID`),
  ADD UNIQUE KEY `UNQ_ThoiGianChieu_PhongChieu` (`ID_PhongChieu`,`ThoiGianChieu`),
  ADD KEY `ID_Phim` (`ID_Phim`);

--
-- Chỉ mục cho bảng `taikhoan`
--
ALTER TABLE `taikhoan`
  ADD PRIMARY KEY (`ID`),
  ADD UNIQUE KEY `TenDangNhap` (`TenDangNhap`),
  ADD UNIQUE KEY `Email` (`Email`),
  ADD KEY `ID_PhanLoaiTaiKhoan` (`ID_PhanLoaiTaiKhoan`);

--
-- Chỉ mục cho bảng `theloaiphim`
--
ALTER TABLE `theloaiphim`
  ADD PRIMARY KEY (`ID`);

--
-- Chỉ mục cho bảng `voucher`
--
ALTER TABLE `voucher`
  ADD PRIMARY KEY (`ID`);

--
-- AUTO_INCREMENT cho các bảng đã đổ
--

--
-- AUTO_INCREMENT cho bảng `chitiethoadon`
--
ALTER TABLE `chitiethoadon`
  MODIFY `ID` int(11) NOT NULL AUTO_INCREMENT, AUTO_INCREMENT=171;

--
-- AUTO_INCREMENT cho bảng `danhsachhoanve`
--
ALTER TABLE `danhsachhoanve`
  MODIFY `ID` int(11) NOT NULL AUTO_INCREMENT, AUTO_INCREMENT=5;

--
-- AUTO_INCREMENT cho bảng `danhsachtlphim`
--
ALTER TABLE `danhsachtlphim`
  MODIFY `ID` int(11) NOT NULL AUTO_INCREMENT, AUTO_INCREMENT=73;

--
-- AUTO_INCREMENT cho bảng `dotuoi`
--
ALTER TABLE `dotuoi`
  MODIFY `ID` int(11) NOT NULL AUTO_INCREMENT, AUTO_INCREMENT=7;

--
-- AUTO_INCREMENT cho bảng `ghe`
--
ALTER TABLE `ghe`
  MODIFY `ID` int(11) NOT NULL AUTO_INCREMENT, AUTO_INCREMENT=281;

--
-- AUTO_INCREMENT cho bảng `gheandsuatchieu`
--
ALTER TABLE `gheandsuatchieu`
  MODIFY `ID` int(11) NOT NULL AUTO_INCREMENT, AUTO_INCREMENT=3986;

--
-- AUTO_INCREMENT cho bảng `hoadon`
--
ALTER TABLE `hoadon`
  MODIFY `ID` int(11) NOT NULL AUTO_INCREMENT, AUTO_INCREMENT=131;

--
-- AUTO_INCREMENT cho bảng `khachhang`
--
ALTER TABLE `khachhang`
  MODIFY `ID` int(11) NOT NULL AUTO_INCREMENT, AUTO_INCREMENT=12;

--
-- AUTO_INCREMENT cho bảng `khoqua`
--
ALTER TABLE `khoqua`
  MODIFY `ID` int(11) NOT NULL AUTO_INCREMENT, AUTO_INCREMENT=4;

--
-- AUTO_INCREMENT cho bảng `nhanvien`
--
ALTER TABLE `nhanvien`
  MODIFY `ID` int(11) NOT NULL AUTO_INCREMENT, AUTO_INCREMENT=8;

--
-- AUTO_INCREMENT cho bảng `phanloaichucvu`
--
ALTER TABLE `phanloaichucvu`
  MODIFY `ID` int(11) NOT NULL AUTO_INCREMENT, AUTO_INCREMENT=11;

--
-- AUTO_INCREMENT cho bảng `phanloaikhachhang`
--
ALTER TABLE `phanloaikhachhang`
  MODIFY `ID` int(11) NOT NULL AUTO_INCREMENT, AUTO_INCREMENT=11;

--
-- AUTO_INCREMENT cho bảng `phanloaitaikhoan`
--
ALTER TABLE `phanloaitaikhoan`
  MODIFY `ID` int(11) NOT NULL AUTO_INCREMENT, AUTO_INCREMENT=3;

--
-- AUTO_INCREMENT cho bảng `phim`
--
ALTER TABLE `phim`
  MODIFY `ID` int(11) NOT NULL AUTO_INCREMENT, AUTO_INCREMENT=50;

--
-- AUTO_INCREMENT cho bảng `phongchieu`
--
ALTER TABLE `phongchieu`
  MODIFY `ID` int(11) NOT NULL AUTO_INCREMENT, AUTO_INCREMENT=7;

--
-- AUTO_INCREMENT cho bảng `pttt`
--
ALTER TABLE `pttt`
  MODIFY `ID` int(11) NOT NULL AUTO_INCREMENT, AUTO_INCREMENT=6;

--
-- AUTO_INCREMENT cho bảng `review`
--
ALTER TABLE `review`
  MODIFY `ID` int(11) NOT NULL AUTO_INCREMENT, AUTO_INCREMENT=5;

--
-- AUTO_INCREMENT cho bảng `suatchieu`
--
ALTER TABLE `suatchieu`
  MODIFY `ID` int(11) NOT NULL AUTO_INCREMENT, AUTO_INCREMENT=77;

--
-- AUTO_INCREMENT cho bảng `taikhoan`
--
ALTER TABLE `taikhoan`
  MODIFY `ID` int(11) NOT NULL AUTO_INCREMENT, AUTO_INCREMENT=20;

--
-- AUTO_INCREMENT cho bảng `theloaiphim`
--
ALTER TABLE `theloaiphim`
  MODIFY `ID` int(11) NOT NULL AUTO_INCREMENT, AUTO_INCREMENT=13;

--
-- AUTO_INCREMENT cho bảng `voucher`
--
ALTER TABLE `voucher`
  MODIFY `ID` int(11) NOT NULL AUTO_INCREMENT, AUTO_INCREMENT=11;

--
-- Các ràng buộc cho các bảng đã đổ
--

--
-- Các ràng buộc cho bảng `chitiethoadon`
--
ALTER TABLE `chitiethoadon`
  ADD CONSTRAINT `chitiethoadon_ibfk_1` FOREIGN KEY (`ID_HoaDon`) REFERENCES `hoadon` (`ID`),
  ADD CONSTRAINT `chitiethoadon_ibfk_2` FOREIGN KEY (`ID_GheAndSuatChieu`) REFERENCES `gheandsuatchieu` (`ID`);

--
-- Các ràng buộc cho bảng `danhsachhoanve`
--
ALTER TABLE `danhsachhoanve`
  ADD CONSTRAINT `fk_danhsachhoanve_hoadon` FOREIGN KEY (`ID_HoaDon`) REFERENCES `hoadon` (`ID`);

--
-- Các ràng buộc cho bảng `ghe`
--
ALTER TABLE `ghe`
  ADD CONSTRAINT `ghe_ibfk_1` FOREIGN KEY (`ID_PhongChieu`) REFERENCES `phongchieu` (`ID`) ON DELETE CASCADE;
COMMIT;

/*!40101 SET CHARACTER_SET_CLIENT=@OLD_CHARACTER_SET_CLIENT */;
/*!40101 SET CHARACTER_SET_RESULTS=@OLD_CHARACTER_SET_RESULTS */;
/*!40101 SET COLLATION_CONNECTION=@OLD_COLLATION_CONNECTION */;
