-- phpMyAdmin SQL Dump
-- version 5.2.1
-- https://www.phpmyadmin.net/
--
-- Máy chủ: 127.0.0.1
-- Thời gian đã tạo: Th12 13, 2024 lúc 05:31 AM
-- Phiên bản máy phục vụ: 10.4.32-MariaDB
-- Phiên bản PHP: 8.2.12

SET SQL_MODE = "NO_AUTO_VALUE_ON_ZERO";
START TRANSACTION;
SET time_zone = "+00:00";


/*!40101 SET @OLD_CHARACTER_SET_CLIENT=@@CHARACTER_SET_CLIENT */;
/*!40101 SET @OLD_CHARACTER_SET_RESULTS=@@CHARACTER_SET_RESULTS */;
/*!40101 SET @OLD_COLLATION_CONNECTION=@@COLLATION_CONNECTION */;
/*!40101 SET NAMES utf8mb4 */;

--
-- Cơ sở dữ liệu: `shanksdsnitch`
--

-- --------------------------------------------------------

--
-- Cấu trúc bảng cho bảng `chitiethoadon`
--

CREATE TABLE `chitiethoadon` (
  `ID` int(11) NOT NULL,
  `ID_HoaDon` int(11) DEFAULT NULL,
  `ID_GheAndSuatChieu` int(11) DEFAULT NULL,
  `TrangThaiChiTietHoaDon` int(11) DEFAULT NULL,
  `GiaTien` decimal(18,2) NOT NULL
) ENGINE=InnoDB DEFAULT CHARSET=utf8mb4 COLLATE=utf8mb4_general_ci;

--
-- Đang đổ dữ liệu cho bảng `chitiethoadon`
--

INSERT INTO `chitiethoadon` (`ID`, `ID_HoaDon`, `ID_GheAndSuatChieu`, `TrangThaiChiTietHoaDon`, `GiaTien`) VALUES
(1, 1, 8, 2, 0.00),
(2, 1, 2, 1, 0.00),
(3, 2, 3, 2, 0.00),
(4, 2, 4, 2, 0.00),
(38, 33, 13, 0, 0.00),
(39, 33, 14, 0, 0.00),
(40, 34, 13, 0, 0.00),
(41, 34, 14, 0, 0.00),
(42, 35, 14, 1, 0.00),
(43, 36, 12, 0, 0.00),
(44, 37, 12, 0, 0.00),
(45, 38, 12, 0, 0.00),
(46, 39, 12, 0, 0.00),
(47, 40, 7, 1, 0.00),
(48, 40, 8, 1, 0.00),
(49, 41, 14, 0, 0.00),
(50, 42, 14, 0, 0.00),
(51, 43, 14, 0, 0.00),
(52, 44, 14, 0, 0.00),
(53, 45, 14, 0, 0.00),
(54, 46, 14, 0, 0.00),
(55, 47, 14, 0, 0.00),
(56, 48, 14, 0, 0.00),
(57, 49, 14, 0, 0.00),
(58, 50, 14, 0, 0.00),
(59, 51, 14, 0, 0.00),
(60, 52, 14, 0, 0.00),
(61, 53, 14, 0, 0.00),
(62, 54, 14, 0, 0.00),
(63, 55, 14, 0, 0.00),
(64, 56, 13, 0, 0.00),
(65, 57, 13, 0, 0.00),
(66, 58, 13, 0, 0.00),
(67, 59, 1, 0, 0.00),
(68, 59, 13, 0, 0.00),
(69, 60, 1, 1, 0.00),
(70, 60, 13, 1, 0.00),
(71, 61, 12, 0, 0.00),
(72, 62, 14, 1, 0.00),
(73, 63, 15, 0, 0.00),
(74, 64, 15, 0, 0.00),
(75, 65, 15, 0, 0.00),
(76, 66, 15, 0, 0.00),
(77, 67, 15, 0, 0.00),
(78, 68, 15, 0, 0.00),
(79, 69, 15, 0, 0.00),
(80, 70, 15, 0, 0.00),
(81, 71, 15, 0, 0.00),
(82, 72, 15, 0, 0.00),
(83, 73, 15, 0, 0.00),
(84, 74, 15, 0, 0.00),
(85, 75, 15, 0, 0.00),
(86, 76, 15, 0, 0.00),
(87, 77, 15, 0, 0.00),
(88, 78, 2, 0, 0.00),
(89, 78, 15, 0, 0.00),
(90, 79, 1, 0, 0.00),
(91, 79, 2, 0, 0.00),
(92, 80, 3, 0, 0.00),
(93, 80, 4, 0, 0.00),
(94, 81, 5, 0, 0.00),
(95, 81, 6, 0, 0.00),
(96, 82, 9, 0, 0.00),
(97, 82, 10, 0, 0.00),
(98, 83, 1, 0, 0.00),
(99, 84, 27, 0, 0.00),
(100, 85, 25, 0, 0.00),
(101, 86, 4, 0, 0.00),
(102, 87, 25, 1, 0.00),
(103, 89, 204, 1, 1000.00),
(104, 91, 301, 0, 1000.00),
(105, 92, 303, 1, 1000.00),
(106, 92, 304, 1, 1000.00),
(107, 93, 1, 0, 1000.00),
(108, 93, 2, 0, 1000.00),
(109, 94, 1, 0, 1000.00),
(110, 94, 11, 0, 1000.00);

-- --------------------------------------------------------

--
-- Cấu trúc bảng cho bảng `danhsachhoanve`
--

CREATE TABLE `danhsachhoanve` (
  `ID` int(11) NOT NULL,
  `MaHoanVe` varchar(50) GENERATED ALWAYS AS (concat('HV',`ID`)) VIRTUAL,
  `ID_HoaDon` int(11) NOT NULL,
  `ThoiGianHoanVe` datetime NOT NULL,
  `LyDoHoanVe` varchar(50) DEFAULT NULL,
  `TrangthaiHoanVe` tinyint(4) NOT NULL
) ENGINE=InnoDB DEFAULT CHARSET=utf8mb4 COLLATE=utf8mb4_general_ci;

--
-- Đang đổ dữ liệu cho bảng `danhsachhoanve`
--

INSERT INTO `danhsachhoanve` (`ID`, `ID_HoaDon`, `ThoiGianHoanVe`, `LyDoHoanVe`, `TrangthaiHoanVe`) VALUES
(4, 2, '2024-11-27 11:27:51', 'Lý do cá nhân', 0);

-- --------------------------------------------------------

--
-- Cấu trúc bảng cho bảng `danhsachtlphim`
--

CREATE TABLE `danhsachtlphim` (
  `ID` int(11) NOT NULL,
  `ID_Phim` int(11) DEFAULT NULL,
  `ID_TLPhim` int(11) DEFAULT NULL,
  `TrangThai` int(11) DEFAULT NULL
) ENGINE=InnoDB DEFAULT CHARSET=utf8mb4 COLLATE=utf8mb4_general_ci;

--
-- Đang đổ dữ liệu cho bảng `danhsachtlphim`
--

INSERT INTO `danhsachtlphim` (`ID`, `ID_Phim`, `ID_TLPhim`, `TrangThai`) VALUES
(7, 4, 1, 1),
(16, 5, 1, 1),
(17, 5, 3, 1),
(18, 6, 1, 1),
(19, 7, 2, 1),
(20, 7, 4, 1),
(21, 8, 2, 1),
(22, 8, 4, 1),
(23, 9, 2, 1),
(24, 9, 4, 1),
(27, 10, 2, 1),
(28, 10, 4, 1),
(32, 1, 3, 1),
(33, 1, 2, 1),
(34, 2, 2, 1),
(35, 2, 4, 1),
(36, 3, 4, 1),
(37, 3, 3, 1);

-- --------------------------------------------------------

--
-- Cấu trúc bảng cho bảng `dotuoi`
--

CREATE TABLE `dotuoi` (
  `ID` int(11) NOT NULL,
  `MaDoTuoi` varchar(25) DEFAULT NULL,
  `TenDoTuoi` varchar(5) DEFAULT NULL
) ENGINE=InnoDB DEFAULT CHARSET=utf8mb4 COLLATE=utf8mb4_general_ci;

--
-- Đang đổ dữ liệu cho bảng `dotuoi`
--

INSERT INTO `dotuoi` (`ID`, `MaDoTuoi`, `TenDoTuoi`) VALUES
(1, 'DT001', 'R15'),
(2, 'DT002', 'R18'),
(3, 'DT003', 'R13');

-- --------------------------------------------------------

--
-- Cấu trúc bảng cho bảng `ghe`
--

CREATE TABLE `ghe` (
  `ID` int(11) NOT NULL,
  `MaGhe` varchar(15) NOT NULL,
  `GiaTien` decimal(18,2) NOT NULL,
  `ID_PhongChieu` int(11) DEFAULT NULL,
  `TrangThaiGhe` int(11) DEFAULT NULL
) ENGINE=InnoDB DEFAULT CHARSET=utf8mb4 COLLATE=utf8mb4_general_ci;

--
-- Đang đổ dữ liệu cho bảng `ghe`
--

INSERT INTO `ghe` (`ID`, `MaGhe`, `GiaTien`, `ID_PhongChieu`, `TrangThaiGhe`) VALUES
(1, 'S1', 1000.00, 1, 0),
(2, 'S2', 1000.00, 1, 0),
(3, 'S3', 1000.00, 1, 0),
(4, 'S4', 1000.00, 1, 0),
(5, 'S5', 1000.00, 1, 0),
(6, 'S6', 1000.00, 1, 0),
(7, 'S7', 1000.00, 1, 0),
(8, 'S8', 1000.00, 1, 0),
(9, 'S9', 1000.00, 1, 0),
(10, 'S10', 1000.00, 1, 0),
(11, 'S11', 1000.00, 1, 0),
(12, 'S12', 1000.00, 1, 0),
(13, 'S13', 1000.00, 1, 0),
(14, 'S14', 1000.00, 1, 0),
(15, 'S15', 1000.00, 1, 0),
(16, 'S16', 1000.00, 1, 0),
(17, 'S17', 1000.00, 1, 0),
(18, 'S18', 1000.00, 1, 0),
(19, 'S19', 1000.00, 1, 0),
(20, 'S20', 1000.00, 1, 0),
(21, 'S21', 1000.00, 1, 0),
(22, 'S22', 1000.00, 1, 0),
(23, 'S23', 1000.00, 1, 0),
(24, 'S24', 1000.00, 1, 0),
(25, 'S25', 1000.00, 1, 0),
(26, 'S26', 1000.00, 1, 0),
(27, 'S27', 1000.00, 1, 0),
(28, 'S28', 1000.00, 1, 0),
(29, 'S29', 1000.00, 1, 0),
(30, 'S30', 1000.00, 1, 0),
(31, 'S31', 1000.00, 1, 0),
(32, 'S32', 1000.00, 1, 0),
(33, 'S33', 1000.00, 1, 0),
(34, 'S34', 1000.00, 1, 0),
(35, 'S35', 1000.00, 1, 0),
(36, 'S36', 1000.00, 1, 0),
(37, 'S37', 1000.00, 1, 0),
(38, 'S38', 1000.00, 1, 0),
(39, 'S39', 1000.00, 1, 0),
(40, 'S40', 1000.00, 1, 0),
(41, 'S41', 1000.00, 1, 0),
(42, 'S42', 1000.00, 1, 0),
(43, 'S43', 1000.00, 1, 0),
(44, 'S44', 1000.00, 1, 0),
(45, 'S45', 1000.00, 1, 0),
(46, 'S46', 1000.00, 1, 0),
(47, 'S47', 1000.00, 1, 0),
(48, 'S48', 1000.00, 1, 0),
(49, 'S49', 1000.00, 1, 0),
(50, 'S50', 1000.00, 1, 0),
(51, 'S51', 1000.00, 1, 0),
(52, 'S52', 1000.00, 1, 0),
(53, 'S53', 1000.00, 1, 0),
(54, 'S54', 1000.00, 1, 0),
(55, 'S55', 1000.00, 1, 0),
(56, 'S56', 1000.00, 1, 0),
(57, 'S57', 1000.00, 1, 0),
(58, 'S58', 1000.00, 1, 0),
(59, 'S59', 1000.00, 1, 0),
(60, 'S60', 1000.00, 1, 0),
(61, 'S1', 1000.00, 2, 0),
(62, 'S2', 1000.00, 2, 0),
(63, 'S3', 1000.00, 2, 0),
(64, 'S4', 1000.00, 2, 0),
(65, 'S5', 1000.00, 2, 0),
(66, 'S6', 1000.00, 2, 0),
(67, 'S7', 1000.00, 2, 0),
(68, 'S8', 1000.00, 2, 0),
(69, 'S9', 1000.00, 2, 0),
(70, 'S10', 1000.00, 2, 0),
(71, 'S11', 1000.00, 2, 0),
(72, 'S12', 1000.00, 2, 0),
(73, 'S13', 1000.00, 2, 0),
(74, 'S14', 1000.00, 2, 0),
(75, 'S15', 1000.00, 2, 0),
(76, 'S16', 1000.00, 2, 0),
(77, 'S17', 1000.00, 2, 0),
(78, 'S18', 1000.00, 2, 0),
(79, 'S19', 1000.00, 2, 0),
(80, 'S20', 1000.00, 2, 0),
(81, 'S21', 1000.00, 2, 0),
(82, 'S22', 1000.00, 2, 0),
(83, 'S23', 1000.00, 2, 0),
(84, 'S24', 1000.00, 2, 0),
(85, 'S25', 1000.00, 2, 0),
(86, 'S26', 1000.00, 2, 0),
(87, 'S27', 1000.00, 2, 0),
(88, 'S28', 1000.00, 2, 0),
(89, 'S29', 1000.00, 2, 0),
(90, 'S30', 1000.00, 2, 0),
(91, 'S31', 1000.00, 2, 0),
(92, 'S32', 1000.00, 2, 0),
(93, 'S33', 1000.00, 2, 0),
(94, 'S34', 1000.00, 2, 0),
(95, 'S35', 1000.00, 2, 0),
(96, 'S36', 1000.00, 2, 0),
(97, 'S37', 1000.00, 2, 0),
(98, 'S38', 1000.00, 2, 0),
(99, 'S39', 1000.00, 2, 0),
(100, 'S40', 1000.00, 2, 0),
(101, 'S41', 1000.00, 2, 0),
(102, 'S42', 1000.00, 2, 0),
(103, 'S43', 1000.00, 2, 0),
(104, 'S44', 1000.00, 2, 0),
(105, 'S45', 1000.00, 2, 0),
(106, 'S46', 1000.00, 2, 0),
(107, 'S47', 1000.00, 2, 0),
(108, 'S48', 1000.00, 2, 0),
(109, 'S49', 1000.00, 2, 0),
(110, 'S50', 1000.00, 2, 0),
(111, 'S51', 1000.00, 2, 0),
(112, 'S52', 1000.00, 2, 0),
(113, 'S53', 1000.00, 2, 0),
(114, 'S54', 1000.00, 2, 0),
(115, 'S55', 1000.00, 2, 0),
(116, 'S56', 1000.00, 2, 0),
(117, 'S57', 1000.00, 2, 0),
(118, 'S58', 1000.00, 2, 0),
(119, 'S59', 1000.00, 2, 0),
(120, 'S60', 1000.00, 2, 0),
(121, 'S1', 1000.00, 3, 0),
(122, 'S2', 1000.00, 3, 0),
(123, 'S3', 1000.00, 3, 0),
(124, 'S4', 1000.00, 3, 0),
(125, 'S5', 1000.00, 3, 0),
(126, 'S6', 1000.00, 3, 0),
(127, 'S7', 1000.00, 3, 0),
(128, 'S8', 1000.00, 3, 0),
(129, 'S9', 1000.00, 3, 0),
(130, 'S10', 1000.00, 3, 0),
(131, 'S11', 1000.00, 3, 0),
(132, 'S12', 1000.00, 3, 0),
(133, 'S13', 1000.00, 3, 0),
(134, 'S14', 1000.00, 3, 0),
(135, 'S15', 1000.00, 3, 0),
(136, 'S16', 1000.00, 3, 0),
(137, 'S17', 1000.00, 3, 0),
(138, 'S18', 1000.00, 3, 0),
(139, 'S19', 1000.00, 3, 0),
(140, 'S20', 1000.00, 3, 0),
(141, 'S21', 1000.00, 3, 0),
(142, 'S22', 1000.00, 3, 0),
(143, 'S23', 1000.00, 3, 0),
(144, 'S24', 1000.00, 3, 0),
(145, 'S25', 1000.00, 3, 0),
(146, 'S26', 1000.00, 3, 0),
(147, 'S27', 1000.00, 3, 0),
(148, 'S28', 1000.00, 3, 0),
(149, 'S29', 1000.00, 3, 0),
(150, 'S30', 1000.00, 3, 0),
(151, 'S31', 1000.00, 3, 0),
(152, 'S32', 1000.00, 3, 0),
(153, 'S33', 1000.00, 3, 0),
(154, 'S34', 1000.00, 3, 0),
(155, 'S35', 1000.00, 3, 0),
(156, 'S36', 1000.00, 3, 0),
(157, 'S37', 1000.00, 3, 0),
(158, 'S38', 1000.00, 3, 0),
(159, 'S39', 1000.00, 3, 0),
(160, 'S40', 1000.00, 3, 0),
(161, 'S41', 1000.00, 3, 0),
(162, 'S42', 1000.00, 3, 0),
(163, 'S43', 1000.00, 3, 0),
(164, 'S44', 1000.00, 3, 0),
(165, 'S45', 1000.00, 3, 0),
(166, 'S46', 1000.00, 3, 0),
(167, 'S47', 1000.00, 3, 0),
(168, 'S48', 1000.00, 3, 0),
(169, 'S49', 1000.00, 3, 0),
(170, 'S50', 1000.00, 3, 0),
(171, 'S51', 1000.00, 3, 0),
(172, 'S52', 1000.00, 3, 0),
(173, 'S53', 1000.00, 3, 0),
(174, 'S54', 1000.00, 3, 0),
(175, 'S55', 1000.00, 3, 0),
(176, 'S56', 1000.00, 3, 0),
(177, 'S57', 1000.00, 3, 0),
(178, 'S58', 1000.00, 3, 0),
(179, 'S59', 1000.00, 3, 0),
(180, 'S60', 1000.00, 3, 0);

-- --------------------------------------------------------

--
-- Cấu trúc bảng cho bảng `gheandsuatchieu`
--

CREATE TABLE `gheandsuatchieu` (
  `ID` int(11) NOT NULL,
  `ID_GHE` int(11) NOT NULL,
  `ID_SUATCHIEU` int(11) NOT NULL,
  `TRANGTHAIGHEANDSUATCHIEU` tinyint(4) DEFAULT NULL
) ENGINE=InnoDB DEFAULT CHARSET=utf8mb4 COLLATE=utf8mb4_general_ci;

--
-- Đang đổ dữ liệu cho bảng `gheandsuatchieu`
--

INSERT INTO `gheandsuatchieu` (`ID`, `ID_GHE`, `ID_SUATCHIEU`, `TRANGTHAIGHEANDSUATCHIEU`) VALUES
(1, 1, 1, 0),
(2, 2, 1, 0),
(3, 3, 1, 0),
(4, 4, 1, 0),
(5, 5, 1, 0),
(6, 6, 1, 0),
(7, 7, 1, 2),
(8, 8, 1, 0),
(9, 9, 1, 0),
(10, 10, 1, 0),
(11, 11, 1, 0),
(12, 12, 1, 0),
(13, 13, 1, 0),
(14, 14, 1, 0),
(15, 15, 1, 0),
(16, 16, 1, 0),
(17, 17, 1, 0),
(18, 18, 1, 0),
(19, 19, 1, 0),
(20, 20, 1, 0),
(21, 21, 1, 0),
(22, 22, 1, 0),
(23, 23, 1, 0),
(24, 24, 1, 0),
(25, 25, 1, 1),
(26, 26, 1, 0),
(27, 27, 1, 0),
(28, 28, 1, 0),
(29, 29, 1, 0),
(30, 30, 1, 0),
(31, 31, 1, 0),
(32, 32, 1, 0),
(33, 33, 1, 0),
(34, 34, 1, 0),
(35, 35, 1, 0),
(36, 36, 1, 0),
(37, 37, 1, 0),
(38, 38, 1, 0),
(39, 39, 1, 0),
(40, 40, 1, 0),
(41, 41, 1, 0),
(42, 42, 1, 0),
(43, 43, 1, 0),
(44, 44, 1, 0),
(45, 45, 1, 0),
(46, 46, 1, 0),
(47, 47, 1, 0),
(48, 48, 1, 0),
(49, 49, 1, 0),
(50, 50, 1, 0),
(51, 51, 1, 0),
(52, 52, 1, 0),
(53, 53, 1, 0),
(54, 54, 1, 0),
(55, 55, 1, 0),
(56, 56, 1, 0),
(57, 57, 1, 0),
(58, 58, 1, 0),
(59, 59, 1, 0),
(60, 60, 1, 0),
(61, 61, 12, 0),
(62, 62, 12, 0),
(63, 63, 12, 0),
(64, 64, 12, 0),
(65, 65, 12, 0),
(66, 66, 12, 0),
(67, 67, 12, 0),
(68, 68, 12, 0),
(69, 69, 12, 0),
(70, 70, 12, 0),
(71, 71, 12, 0),
(72, 72, 12, 0),
(73, 73, 12, 0),
(74, 74, 12, 0),
(75, 75, 12, 0),
(76, 76, 12, 0),
(77, 77, 12, 0),
(78, 78, 12, 0),
(79, 79, 12, 0),
(80, 80, 12, 0),
(81, 81, 12, 0),
(82, 82, 12, 0),
(83, 83, 12, 0),
(84, 84, 12, 0),
(85, 85, 12, 0),
(86, 86, 12, 0),
(87, 87, 12, 0),
(88, 88, 12, 0),
(89, 89, 12, 0),
(90, 90, 12, 0),
(91, 91, 12, 0),
(92, 92, 12, 0),
(93, 93, 12, 0),
(94, 94, 12, 0),
(95, 95, 12, 0),
(96, 96, 12, 0),
(97, 97, 12, 0),
(98, 98, 12, 2),
(99, 99, 12, 2),
(100, 100, 12, 2),
(101, 101, 12, 2),
(102, 102, 12, 2),
(103, 103, 12, 2),
(104, 104, 12, 2),
(105, 105, 12, 2),
(106, 106, 12, 2),
(107, 107, 12, 2),
(108, 108, 12, 2),
(109, 109, 12, 2),
(110, 110, 12, 2),
(111, 111, 12, 0),
(112, 112, 12, 0),
(113, 113, 12, 0),
(114, 114, 12, 0),
(115, 115, 12, 0),
(116, 116, 12, 0),
(117, 117, 12, 0),
(118, 118, 12, 0),
(119, 119, 12, 0),
(120, 120, 12, 0),
(121, 1, 13, 0),
(122, 2, 13, 0),
(123, 3, 13, 0),
(124, 4, 13, 0),
(125, 5, 13, 0),
(126, 6, 13, 0),
(127, 7, 13, 2),
(128, 8, 13, 1),
(129, 9, 13, 0),
(130, 10, 13, 0),
(131, 11, 13, 0),
(132, 12, 13, 0),
(133, 13, 13, 0),
(134, 14, 13, 0),
(135, 15, 13, 0),
(136, 16, 13, 0),
(137, 17, 13, 0),
(138, 18, 13, 0),
(139, 19, 13, 0),
(140, 20, 13, 0),
(141, 21, 13, 0),
(142, 22, 13, 0),
(143, 23, 13, 0),
(144, 24, 13, 0),
(145, 25, 13, 0),
(146, 26, 13, 0),
(147, 27, 13, 0),
(148, 28, 13, 0),
(149, 29, 13, 0),
(150, 30, 13, 0),
(151, 31, 13, 0),
(152, 32, 13, 0),
(153, 33, 13, 0),
(154, 34, 13, 0),
(155, 35, 13, 0),
(156, 36, 13, 0),
(157, 37, 13, 0),
(158, 38, 13, 0),
(159, 39, 13, 0),
(160, 40, 13, 0),
(161, 41, 13, 0),
(162, 42, 13, 0),
(163, 43, 13, 0),
(164, 44, 13, 0),
(165, 45, 13, 0),
(166, 46, 13, 0),
(167, 47, 13, 0),
(168, 48, 13, 0),
(169, 49, 13, 0),
(170, 50, 13, 0),
(171, 51, 13, 0),
(172, 52, 13, 0),
(173, 53, 13, 0),
(174, 54, 13, 0),
(175, 55, 13, 0),
(176, 56, 13, 0),
(177, 57, 13, 0),
(178, 58, 13, 0),
(179, 59, 13, 0),
(180, 60, 13, 0),
(181, 121, 15, 0),
(182, 122, 15, 0),
(183, 123, 15, 0),
(184, 124, 15, 0),
(185, 125, 15, 0),
(186, 126, 15, 0),
(187, 127, 15, 0),
(188, 128, 15, 0),
(189, 129, 15, 0),
(190, 130, 15, 0),
(191, 131, 15, 0),
(192, 132, 15, 0),
(193, 133, 15, 0),
(194, 134, 15, 0),
(195, 135, 15, 0),
(196, 136, 15, 0),
(197, 137, 15, 0),
(198, 138, 15, 0),
(199, 139, 15, 0),
(200, 140, 15, 0),
(201, 141, 15, 0),
(202, 142, 15, 0),
(203, 143, 15, 0),
(204, 144, 15, 1),
(205, 145, 15, 0),
(206, 146, 15, 2),
(207, 147, 15, 0),
(208, 148, 15, 0),
(209, 149, 15, 0),
(210, 150, 15, 0),
(211, 151, 15, 0),
(212, 152, 15, 0),
(213, 153, 15, 0),
(214, 154, 15, 0),
(215, 155, 15, 0),
(216, 156, 15, 0),
(217, 157, 15, 0),
(218, 158, 15, 0),
(219, 159, 15, 0),
(220, 160, 15, 0),
(221, 161, 15, 0),
(222, 162, 15, 0),
(223, 163, 15, 0),
(224, 164, 15, 0),
(225, 165, 15, 0),
(226, 166, 15, 0),
(227, 167, 15, 0),
(228, 168, 15, 0),
(229, 169, 15, 0),
(230, 170, 15, 0),
(231, 171, 15, 0),
(232, 172, 15, 0),
(233, 173, 15, 0),
(234, 174, 15, 0),
(235, 175, 15, 0),
(236, 176, 15, 0),
(237, 177, 15, 0),
(238, 178, 15, 0),
(239, 179, 15, 0),
(240, 180, 15, 0),
(241, 1, 16, 0),
(242, 2, 16, 0),
(243, 3, 16, 0),
(244, 4, 16, 0),
(245, 5, 16, 0),
(246, 6, 16, 0),
(247, 7, 16, 0),
(248, 8, 16, 0),
(249, 9, 16, 0),
(250, 10, 16, 0),
(251, 11, 16, 0),
(252, 12, 16, 0),
(253, 13, 16, 0),
(254, 14, 16, 0),
(255, 15, 16, 0),
(256, 16, 16, 0),
(257, 17, 16, 0),
(258, 18, 16, 0),
(259, 19, 16, 0),
(260, 20, 16, 0),
(261, 21, 16, 0),
(262, 22, 16, 0),
(263, 23, 16, 0),
(264, 24, 16, 0),
(265, 25, 16, 0),
(266, 26, 16, 0),
(267, 27, 16, 0),
(268, 28, 16, 0),
(269, 29, 16, 0),
(270, 30, 16, 0),
(271, 31, 16, 0),
(272, 32, 16, 0),
(273, 33, 16, 0),
(274, 34, 16, 0),
(275, 35, 16, 0),
(276, 36, 16, 0),
(277, 37, 16, 0),
(278, 38, 16, 0),
(279, 39, 16, 0),
(280, 40, 16, 0),
(281, 41, 16, 0),
(282, 42, 16, 0),
(283, 43, 16, 0),
(284, 44, 16, 0),
(285, 45, 16, 0),
(286, 46, 16, 0),
(287, 47, 16, 0),
(288, 48, 16, 0),
(289, 49, 16, 0),
(290, 50, 16, 0),
(291, 51, 16, 0),
(292, 52, 16, 0),
(293, 53, 16, 0),
(294, 54, 16, 0),
(295, 55, 16, 0),
(296, 56, 16, 0),
(297, 57, 16, 0),
(298, 58, 16, 0),
(299, 59, 16, 0),
(300, 60, 16, 0),
(301, 1, 17, 0),
(302, 2, 17, 0),
(303, 3, 17, 1),
(304, 4, 17, 1),
(305, 5, 17, 0),
(306, 6, 17, 0),
(307, 7, 17, 0),
(308, 8, 17, 0),
(309, 9, 17, 0),
(310, 10, 17, 0),
(311, 11, 17, 0),
(312, 12, 17, 0),
(313, 13, 17, 0),
(314, 14, 17, 0),
(315, 15, 17, 0),
(316, 16, 17, 0),
(317, 17, 17, 0),
(318, 18, 17, 0),
(319, 19, 17, 0),
(320, 20, 17, 0),
(321, 21, 17, 0),
(322, 22, 17, 0),
(323, 23, 17, 0),
(324, 24, 17, 0),
(325, 25, 17, 0),
(326, 26, 17, 0),
(327, 27, 17, 0),
(328, 28, 17, 0),
(329, 29, 17, 0),
(330, 30, 17, 0),
(331, 31, 17, 0),
(332, 32, 17, 0),
(333, 33, 17, 0),
(334, 34, 17, 0),
(335, 35, 17, 0),
(336, 36, 17, 0),
(337, 37, 17, 0),
(338, 38, 17, 0),
(339, 39, 17, 0),
(340, 40, 17, 0),
(341, 41, 17, 0),
(342, 42, 17, 0),
(343, 43, 17, 0),
(344, 44, 17, 0),
(345, 45, 17, 0),
(346, 46, 17, 0),
(347, 47, 17, 0),
(348, 48, 17, 0),
(349, 49, 17, 0),
(350, 50, 17, 0),
(351, 51, 17, 0),
(352, 52, 17, 0),
(353, 53, 17, 0),
(354, 54, 17, 0),
(355, 55, 17, 0),
(356, 56, 17, 0),
(357, 57, 17, 0),
(358, 58, 17, 0),
(359, 59, 17, 0),
(360, 60, 17, 0),
(361, 61, 18, 0),
(362, 62, 18, 0),
(363, 63, 18, 0),
(364, 64, 18, 0),
(365, 65, 18, 0),
(366, 66, 18, 0),
(367, 67, 18, 0),
(368, 68, 18, 0),
(369, 69, 18, 0),
(370, 70, 18, 0),
(371, 71, 18, 0),
(372, 72, 18, 0),
(373, 73, 18, 0),
(374, 74, 18, 0),
(375, 75, 18, 0),
(376, 76, 18, 0),
(377, 77, 18, 0),
(378, 78, 18, 0),
(379, 79, 18, 0),
(380, 80, 18, 0),
(381, 81, 18, 0),
(382, 82, 18, 0),
(383, 83, 18, 0),
(384, 84, 18, 0),
(385, 85, 18, 0),
(386, 86, 18, 0),
(387, 87, 18, 0),
(388, 88, 18, 0),
(389, 89, 18, 0),
(390, 90, 18, 0),
(391, 91, 18, 0),
(392, 92, 18, 0),
(393, 93, 18, 0),
(394, 94, 18, 0),
(395, 95, 18, 0),
(396, 96, 18, 0),
(397, 97, 18, 0),
(398, 98, 18, 0),
(399, 99, 18, 0),
(400, 100, 18, 0),
(401, 101, 18, 0),
(402, 102, 18, 0),
(403, 103, 18, 0),
(404, 104, 18, 0),
(405, 105, 18, 0),
(406, 106, 18, 0),
(407, 107, 18, 0),
(408, 108, 18, 0),
(409, 109, 18, 0),
(410, 110, 18, 0),
(411, 111, 18, 0),
(412, 112, 18, 0),
(413, 113, 18, 0),
(414, 114, 18, 0),
(415, 115, 18, 0),
(416, 116, 18, 0),
(417, 117, 18, 0),
(418, 118, 18, 0),
(419, 119, 18, 0),
(420, 120, 18, 0),
(421, 61, 19, 0),
(422, 62, 19, 0),
(423, 63, 19, 0),
(424, 64, 19, 0),
(425, 65, 19, 0),
(426, 66, 19, 0),
(427, 67, 19, 0),
(428, 68, 19, 0),
(429, 69, 19, 0),
(430, 70, 19, 0),
(431, 71, 19, 0),
(432, 72, 19, 0),
(433, 73, 19, 0),
(434, 74, 19, 0),
(435, 75, 19, 0),
(436, 76, 19, 0),
(437, 77, 19, 0),
(438, 78, 19, 0),
(439, 79, 19, 0),
(440, 80, 19, 0),
(441, 81, 19, 0),
(442, 82, 19, 0),
(443, 83, 19, 0),
(444, 84, 19, 0),
(445, 85, 19, 0),
(446, 86, 19, 0),
(447, 87, 19, 0),
(448, 88, 19, 0),
(449, 89, 19, 0),
(450, 90, 19, 0),
(451, 91, 19, 0),
(452, 92, 19, 0),
(453, 93, 19, 0),
(454, 94, 19, 0),
(455, 95, 19, 0),
(456, 96, 19, 0),
(457, 97, 19, 0),
(458, 98, 19, 0),
(459, 99, 19, 0),
(460, 100, 19, 0),
(461, 101, 19, 0),
(462, 102, 19, 0),
(463, 103, 19, 0),
(464, 104, 19, 0),
(465, 105, 19, 0),
(466, 106, 19, 0),
(467, 107, 19, 0),
(468, 108, 19, 0),
(469, 109, 19, 0),
(470, 110, 19, 0),
(471, 111, 19, 0),
(472, 112, 19, 0),
(473, 113, 19, 0),
(474, 114, 19, 0),
(475, 115, 19, 0),
(476, 116, 19, 0),
(477, 117, 19, 0),
(478, 118, 19, 0),
(479, 119, 19, 0),
(480, 120, 19, 0),
(481, 1, 20, 0),
(482, 2, 20, 0),
(483, 3, 20, 0),
(484, 4, 20, 0),
(485, 5, 20, 0),
(486, 6, 20, 0),
(487, 7, 20, 0),
(488, 8, 20, 0),
(489, 9, 20, 0),
(490, 10, 20, 0),
(491, 11, 20, 0),
(492, 12, 20, 0),
(493, 13, 20, 0),
(494, 14, 20, 0),
(495, 15, 20, 0),
(496, 16, 20, 0),
(497, 17, 20, 0),
(498, 18, 20, 0),
(499, 19, 20, 0),
(500, 20, 20, 0),
(501, 21, 20, 0),
(502, 22, 20, 0),
(503, 23, 20, 0),
(504, 24, 20, 0),
(505, 25, 20, 0),
(506, 26, 20, 0),
(507, 27, 20, 0),
(508, 28, 20, 0),
(509, 29, 20, 0),
(510, 30, 20, 0),
(511, 31, 20, 0),
(512, 32, 20, 0),
(513, 33, 20, 0),
(514, 34, 20, 0),
(515, 35, 20, 0),
(516, 36, 20, 0),
(517, 37, 20, 0),
(518, 38, 20, 0),
(519, 39, 20, 0),
(520, 40, 20, 0),
(521, 41, 20, 0),
(522, 42, 20, 0),
(523, 43, 20, 0),
(524, 44, 20, 0),
(525, 45, 20, 0),
(526, 46, 20, 0),
(527, 47, 20, 0),
(528, 48, 20, 0),
(529, 49, 20, 0),
(530, 50, 20, 0),
(531, 51, 20, 0),
(532, 52, 20, 0),
(533, 53, 20, 0),
(534, 54, 20, 0),
(535, 55, 20, 0),
(536, 56, 20, 0),
(537, 57, 20, 0),
(538, 58, 20, 0),
(539, 59, 20, 0),
(540, 60, 20, 0),
(541, 1, 21, 0),
(542, 2, 21, 0),
(543, 3, 21, 0),
(544, 4, 21, 0),
(545, 5, 21, 0),
(546, 6, 21, 0),
(547, 7, 21, 0),
(548, 8, 21, 0),
(549, 9, 21, 0),
(550, 10, 21, 0),
(551, 11, 21, 0),
(552, 12, 21, 0),
(553, 13, 21, 0),
(554, 14, 21, 0),
(555, 15, 21, 0),
(556, 16, 21, 0),
(557, 17, 21, 0),
(558, 18, 21, 0),
(559, 19, 21, 0),
(560, 20, 21, 0),
(561, 21, 21, 0),
(562, 22, 21, 0),
(563, 23, 21, 0),
(564, 24, 21, 0),
(565, 25, 21, 0),
(566, 26, 21, 0),
(567, 27, 21, 0),
(568, 28, 21, 0),
(569, 29, 21, 0),
(570, 30, 21, 0),
(571, 31, 21, 0),
(572, 32, 21, 0),
(573, 33, 21, 0),
(574, 34, 21, 0),
(575, 35, 21, 0),
(576, 36, 21, 0),
(577, 37, 21, 0),
(578, 38, 21, 0),
(579, 39, 21, 0),
(580, 40, 21, 0),
(581, 41, 21, 0),
(582, 42, 21, 0),
(583, 43, 21, 0),
(584, 44, 21, 0),
(585, 45, 21, 0),
(586, 46, 21, 0),
(587, 47, 21, 0),
(588, 48, 21, 0),
(589, 49, 21, 0),
(590, 50, 21, 0),
(591, 51, 21, 0),
(592, 52, 21, 0),
(593, 53, 21, 0),
(594, 54, 21, 0),
(595, 55, 21, 0),
(596, 56, 21, 0),
(597, 57, 21, 0),
(598, 58, 21, 0),
(599, 59, 21, 0),
(600, 60, 21, 0),
(601, 1, 22, 0),
(602, 2, 22, 0),
(603, 3, 22, 0),
(604, 4, 22, 0),
(605, 5, 22, 0),
(606, 6, 22, 0),
(607, 7, 22, 0),
(608, 8, 22, 0),
(609, 9, 22, 0),
(610, 10, 22, 0),
(611, 11, 22, 0),
(612, 12, 22, 0),
(613, 13, 22, 0),
(614, 14, 22, 0),
(615, 15, 22, 0),
(616, 16, 22, 0),
(617, 17, 22, 0),
(618, 18, 22, 0),
(619, 19, 22, 0),
(620, 20, 22, 0),
(621, 21, 22, 0),
(622, 22, 22, 0),
(623, 23, 22, 0),
(624, 24, 22, 0),
(625, 25, 22, 0),
(626, 26, 22, 0),
(627, 27, 22, 0),
(628, 28, 22, 0),
(629, 29, 22, 0),
(630, 30, 22, 0),
(631, 31, 22, 0),
(632, 32, 22, 0),
(633, 33, 22, 0),
(634, 34, 22, 0),
(635, 35, 22, 0),
(636, 36, 22, 0),
(637, 37, 22, 0),
(638, 38, 22, 0),
(639, 39, 22, 0),
(640, 40, 22, 0),
(641, 41, 22, 0),
(642, 42, 22, 0),
(643, 43, 22, 0),
(644, 44, 22, 0),
(645, 45, 22, 0),
(646, 46, 22, 0),
(647, 47, 22, 0),
(648, 48, 22, 0),
(649, 49, 22, 0),
(650, 50, 22, 0),
(651, 51, 22, 0),
(652, 52, 22, 0),
(653, 53, 22, 0),
(654, 54, 22, 0),
(655, 55, 22, 0),
(656, 56, 22, 0),
(657, 57, 22, 0),
(658, 58, 22, 0),
(659, 59, 22, 0),
(660, 60, 22, 0),
(661, 1, 23, 0),
(662, 2, 23, 0),
(663, 3, 23, 0),
(664, 4, 23, 0),
(665, 5, 23, 0),
(666, 6, 23, 0),
(667, 7, 23, 0),
(668, 8, 23, 0),
(669, 9, 23, 0),
(670, 10, 23, 0),
(671, 11, 23, 0),
(672, 12, 23, 0),
(673, 13, 23, 0),
(674, 14, 23, 0),
(675, 15, 23, 0),
(676, 16, 23, 0),
(677, 17, 23, 0),
(678, 18, 23, 0),
(679, 19, 23, 0),
(680, 20, 23, 0),
(681, 21, 23, 0),
(682, 22, 23, 0),
(683, 23, 23, 0),
(684, 24, 23, 0),
(685, 25, 23, 0),
(686, 26, 23, 0),
(687, 27, 23, 0),
(688, 28, 23, 0),
(689, 29, 23, 0),
(690, 30, 23, 0),
(691, 31, 23, 0),
(692, 32, 23, 0),
(693, 33, 23, 0),
(694, 34, 23, 0),
(695, 35, 23, 0),
(696, 36, 23, 0),
(697, 37, 23, 0),
(698, 38, 23, 0),
(699, 39, 23, 0),
(700, 40, 23, 0),
(701, 41, 23, 0),
(702, 42, 23, 0),
(703, 43, 23, 0),
(704, 44, 23, 0),
(705, 45, 23, 0),
(706, 46, 23, 0),
(707, 47, 23, 0),
(708, 48, 23, 0),
(709, 49, 23, 0),
(710, 50, 23, 0),
(711, 51, 23, 0),
(712, 52, 23, 0),
(713, 53, 23, 0),
(714, 54, 23, 0),
(715, 55, 23, 0),
(716, 56, 23, 0),
(717, 57, 23, 0),
(718, 58, 23, 0),
(719, 59, 23, 0),
(720, 60, 23, 0),
(721, 1, 24, 0),
(722, 2, 24, 0),
(723, 3, 24, 0),
(724, 4, 24, 0),
(725, 5, 24, 0),
(726, 6, 24, 0),
(727, 7, 24, 0),
(728, 8, 24, 0),
(729, 9, 24, 0),
(730, 10, 24, 0),
(731, 11, 24, 0),
(732, 12, 24, 0),
(733, 13, 24, 0),
(734, 14, 24, 0),
(735, 15, 24, 0),
(736, 16, 24, 0),
(737, 17, 24, 0),
(738, 18, 24, 0),
(739, 19, 24, 0),
(740, 20, 24, 0),
(741, 21, 24, 0),
(742, 22, 24, 0),
(743, 23, 24, 0),
(744, 24, 24, 0),
(745, 25, 24, 0),
(746, 26, 24, 0),
(747, 27, 24, 0),
(748, 28, 24, 0),
(749, 29, 24, 0),
(750, 30, 24, 0),
(751, 31, 24, 0),
(752, 32, 24, 0),
(753, 33, 24, 0),
(754, 34, 24, 0),
(755, 35, 24, 0),
(756, 36, 24, 0),
(757, 37, 24, 0),
(758, 38, 24, 0),
(759, 39, 24, 0),
(760, 40, 24, 0),
(761, 41, 24, 0),
(762, 42, 24, 0),
(763, 43, 24, 0),
(764, 44, 24, 0),
(765, 45, 24, 0),
(766, 46, 24, 0),
(767, 47, 24, 0),
(768, 48, 24, 0),
(769, 49, 24, 0),
(770, 50, 24, 0),
(771, 51, 24, 0),
(772, 52, 24, 0),
(773, 53, 24, 0),
(774, 54, 24, 0),
(775, 55, 24, 0),
(776, 56, 24, 0),
(777, 57, 24, 0),
(778, 58, 24, 0),
(779, 59, 24, 0),
(780, 60, 24, 0),
(781, 1, 25, 0),
(782, 2, 25, 0),
(783, 3, 25, 0),
(784, 4, 25, 0),
(785, 5, 25, 0),
(786, 6, 25, 0),
(787, 7, 25, 0),
(788, 8, 25, 0),
(789, 9, 25, 0),
(790, 10, 25, 0),
(791, 11, 25, 0),
(792, 12, 25, 0),
(793, 13, 25, 0),
(794, 14, 25, 0),
(795, 15, 25, 0),
(796, 16, 25, 0),
(797, 17, 25, 0),
(798, 18, 25, 0),
(799, 19, 25, 0),
(800, 20, 25, 0),
(801, 21, 25, 0),
(802, 22, 25, 0),
(803, 23, 25, 0),
(804, 24, 25, 0),
(805, 25, 25, 0),
(806, 26, 25, 0),
(807, 27, 25, 0),
(808, 28, 25, 0),
(809, 29, 25, 0),
(810, 30, 25, 0),
(811, 31, 25, 0),
(812, 32, 25, 0),
(813, 33, 25, 0),
(814, 34, 25, 0),
(815, 35, 25, 0),
(816, 36, 25, 0),
(817, 37, 25, 0),
(818, 38, 25, 0),
(819, 39, 25, 0),
(820, 40, 25, 0),
(821, 41, 25, 0),
(822, 42, 25, 0),
(823, 43, 25, 0),
(824, 44, 25, 0),
(825, 45, 25, 0),
(826, 46, 25, 0),
(827, 47, 25, 0),
(828, 48, 25, 0),
(829, 49, 25, 0),
(830, 50, 25, 0),
(831, 51, 25, 0),
(832, 52, 25, 0),
(833, 53, 25, 0),
(834, 54, 25, 0),
(835, 55, 25, 0),
(836, 56, 25, 0),
(837, 57, 25, 0),
(838, 58, 25, 0),
(839, 59, 25, 0),
(840, 60, 25, 0),
(841, 1, 26, 0),
(842, 2, 26, 0),
(843, 3, 26, 0),
(844, 4, 26, 0),
(845, 5, 26, 0),
(846, 6, 26, 0),
(847, 7, 26, 0),
(848, 8, 26, 0),
(849, 9, 26, 0),
(850, 10, 26, 0),
(851, 11, 26, 0),
(852, 12, 26, 0),
(853, 13, 26, 0),
(854, 14, 26, 0),
(855, 15, 26, 0),
(856, 16, 26, 0),
(857, 17, 26, 0),
(858, 18, 26, 0),
(859, 19, 26, 0),
(860, 20, 26, 0),
(861, 21, 26, 0),
(862, 22, 26, 0),
(863, 23, 26, 0),
(864, 24, 26, 0),
(865, 25, 26, 0),
(866, 26, 26, 0),
(867, 27, 26, 0),
(868, 28, 26, 0),
(869, 29, 26, 0),
(870, 30, 26, 0),
(871, 31, 26, 0),
(872, 32, 26, 0),
(873, 33, 26, 0),
(874, 34, 26, 0),
(875, 35, 26, 0),
(876, 36, 26, 0),
(877, 37, 26, 0),
(878, 38, 26, 0),
(879, 39, 26, 0),
(880, 40, 26, 0),
(881, 41, 26, 0),
(882, 42, 26, 0),
(883, 43, 26, 0),
(884, 44, 26, 0),
(885, 45, 26, 0),
(886, 46, 26, 0),
(887, 47, 26, 0),
(888, 48, 26, 0),
(889, 49, 26, 0),
(890, 50, 26, 0),
(891, 51, 26, 0),
(892, 52, 26, 0),
(893, 53, 26, 0),
(894, 54, 26, 0),
(895, 55, 26, 0),
(896, 56, 26, 0),
(897, 57, 26, 0),
(898, 58, 26, 0),
(899, 59, 26, 0),
(900, 60, 26, 0),
(901, 1, 27, 0),
(902, 2, 27, 0),
(903, 3, 27, 0),
(904, 4, 27, 0),
(905, 5, 27, 0),
(906, 6, 27, 0),
(907, 7, 27, 0),
(908, 8, 27, 0),
(909, 9, 27, 0),
(910, 10, 27, 0),
(911, 11, 27, 0),
(912, 12, 27, 0),
(913, 13, 27, 0),
(914, 14, 27, 0),
(915, 15, 27, 0),
(916, 16, 27, 0),
(917, 17, 27, 0),
(918, 18, 27, 0),
(919, 19, 27, 0),
(920, 20, 27, 0),
(921, 21, 27, 0),
(922, 22, 27, 0),
(923, 23, 27, 0),
(924, 24, 27, 0),
(925, 25, 27, 0),
(926, 26, 27, 0),
(927, 27, 27, 0),
(928, 28, 27, 0),
(929, 29, 27, 0),
(930, 30, 27, 0),
(931, 31, 27, 0),
(932, 32, 27, 0),
(933, 33, 27, 0),
(934, 34, 27, 0),
(935, 35, 27, 0),
(936, 36, 27, 0),
(937, 37, 27, 0),
(938, 38, 27, 0),
(939, 39, 27, 0),
(940, 40, 27, 0),
(941, 41, 27, 0),
(942, 42, 27, 0),
(943, 43, 27, 0),
(944, 44, 27, 0),
(945, 45, 27, 0),
(946, 46, 27, 0),
(947, 47, 27, 0),
(948, 48, 27, 0),
(949, 49, 27, 0),
(950, 50, 27, 0),
(951, 51, 27, 0),
(952, 52, 27, 0),
(953, 53, 27, 0),
(954, 54, 27, 0),
(955, 55, 27, 0),
(956, 56, 27, 0),
(957, 57, 27, 0),
(958, 58, 27, 0),
(959, 59, 27, 0),
(960, 60, 27, 0),
(961, 1, 28, 0),
(962, 2, 28, 0),
(963, 3, 28, 0),
(964, 4, 28, 0),
(965, 5, 28, 0),
(966, 6, 28, 0),
(967, 7, 28, 0),
(968, 8, 28, 0),
(969, 9, 28, 0),
(970, 10, 28, 0),
(971, 11, 28, 0),
(972, 12, 28, 0),
(973, 13, 28, 0),
(974, 14, 28, 0),
(975, 15, 28, 0),
(976, 16, 28, 0),
(977, 17, 28, 0),
(978, 18, 28, 0),
(979, 19, 28, 0),
(980, 20, 28, 0),
(981, 21, 28, 0),
(982, 22, 28, 0),
(983, 23, 28, 0),
(984, 24, 28, 0),
(985, 25, 28, 0),
(986, 26, 28, 0),
(987, 27, 28, 0),
(988, 28, 28, 0),
(989, 29, 28, 0),
(990, 30, 28, 0),
(991, 31, 28, 0),
(992, 32, 28, 0),
(993, 33, 28, 0),
(994, 34, 28, 0),
(995, 35, 28, 0),
(996, 36, 28, 0),
(997, 37, 28, 0),
(998, 38, 28, 0),
(999, 39, 28, 0),
(1000, 40, 28, 0),
(1001, 41, 28, 0),
(1002, 42, 28, 0),
(1003, 43, 28, 0),
(1004, 44, 28, 0),
(1005, 45, 28, 0),
(1006, 46, 28, 0),
(1007, 47, 28, 0),
(1008, 48, 28, 0),
(1009, 49, 28, 0),
(1010, 50, 28, 0),
(1011, 51, 28, 0),
(1012, 52, 28, 0),
(1013, 53, 28, 0),
(1014, 54, 28, 0),
(1015, 55, 28, 0),
(1016, 56, 28, 0),
(1017, 57, 28, 0),
(1018, 58, 28, 0),
(1019, 59, 28, 0),
(1020, 60, 28, 0),
(1021, 61, 29, 0),
(1022, 62, 29, 0),
(1023, 63, 29, 0),
(1024, 64, 29, 0),
(1025, 65, 29, 0),
(1026, 66, 29, 0),
(1027, 67, 29, 0),
(1028, 68, 29, 0),
(1029, 69, 29, 0),
(1030, 70, 29, 0),
(1031, 71, 29, 0),
(1032, 72, 29, 0),
(1033, 73, 29, 0),
(1034, 74, 29, 0),
(1035, 75, 29, 0),
(1036, 76, 29, 0),
(1037, 77, 29, 0),
(1038, 78, 29, 0),
(1039, 79, 29, 0),
(1040, 80, 29, 0),
(1041, 81, 29, 0),
(1042, 82, 29, 0),
(1043, 83, 29, 0),
(1044, 84, 29, 0),
(1045, 85, 29, 0),
(1046, 86, 29, 0),
(1047, 87, 29, 0),
(1048, 88, 29, 0),
(1049, 89, 29, 0),
(1050, 90, 29, 0),
(1051, 91, 29, 0),
(1052, 92, 29, 0),
(1053, 93, 29, 0),
(1054, 94, 29, 0),
(1055, 95, 29, 0),
(1056, 96, 29, 0),
(1057, 97, 29, 0),
(1058, 98, 29, 0),
(1059, 99, 29, 0),
(1060, 100, 29, 0),
(1061, 101, 29, 0),
(1062, 102, 29, 0),
(1063, 103, 29, 0),
(1064, 104, 29, 0),
(1065, 105, 29, 0),
(1066, 106, 29, 0),
(1067, 107, 29, 0),
(1068, 108, 29, 0),
(1069, 109, 29, 0),
(1070, 110, 29, 0),
(1071, 111, 29, 0),
(1072, 112, 29, 0),
(1073, 113, 29, 0),
(1074, 114, 29, 0),
(1075, 115, 29, 0),
(1076, 116, 29, 0),
(1077, 117, 29, 0),
(1078, 118, 29, 0),
(1079, 119, 29, 0),
(1080, 120, 29, 0);

-- --------------------------------------------------------

--
-- Cấu trúc bảng cho bảng `hoadon`
--

CREATE TABLE `hoadon` (
  `ID` int(11) NOT NULL,
  `ID_KhachHang` int(11) DEFAULT NULL,
  `ID_Voucher` int(11) DEFAULT NULL,
  `ID_PTTT` int(11) DEFAULT NULL,
  `MaHoaDon` varchar(15) NOT NULL,
  `SoLuong` int(11) NOT NULL,
  `ThoiGianThanhToan` datetime DEFAULT NULL,
  `Diem` int(11) NOT NULL,
  `TongSoTien` decimal(18,2) NOT NULL,
  `TrangThaiHoaDon` int(11) DEFAULT NULL
) ENGINE=InnoDB DEFAULT CHARSET=utf8mb4 COLLATE=utf8mb4_general_ci;

--
-- Đang đổ dữ liệu cho bảng `hoadon`
--

INSERT INTO `hoadon` (`ID`, `ID_KhachHang`, `ID_Voucher`, `ID_PTTT`, `MaHoaDon`, `SoLuong`, `ThoiGianThanhToan`, `Diem`, `TongSoTien`, `TrangThaiHoaDon`) VALUES
(1, 1, NULL, 5, 'HD001', 2, '2024-01-01 19:00:00', 10, 1000.00, 2),
(2, 2, NULL, 2, 'HD002', 1, '2024-01-02 21:00:00', 20, 15890.00, 4),
(3, 1, 1, 2, 'HD001', 2, '2024-01-01 19:00:00', 10, 1220000.00, 0),
(4, 1, 1, 2, 'HD001', 2, '2024-01-01 19:00:00', 10, 1170000.00, 0),
(5, 1, NULL, NULL, 'HD004', 2, '2024-01-01 19:00:00', 12210, 0.00, 0),
(6, 1, 1, NULL, 'HD005', 2, '2024-01-01 19:00:00', 12210, 0.00, 0),
(7, 1, 1, NULL, 'HD006', 2, '2024-01-01 19:00:00', 12210, 0.00, 0),
(8, 1, 1, NULL, 'HD007', 2, '2024-01-01 19:00:00', 12210, 0.00, 1),
(9, 1, 1, NULL, 'HD008', 2, '2024-11-14 15:27:03', 12210, 1000.00, 1),
(30, 1, NULL, NULL, 'HD030', 2, '2024-11-19 09:17:07', 0, 1000.00, 0),
(31, 1, NULL, NULL, 'HD031', 2, '2024-11-19 09:17:07', 0, 2000.00, 0),
(32, 1, NULL, NULL, 'HD032', 2, '2024-11-19 09:17:07', 0, 2000.00, 0),
(33, 1, NULL, NULL, 'HD033', 2, '2024-11-19 09:17:07', 0, 2000.00, 0),
(34, 1, NULL, NULL, 'HD0033', 2, '2024-11-19 09:46:45', 0, 2000.00, 0),
(35, 2, NULL, NULL, 'HD0034', 1, '2024-11-19 09:58:20', 0, 1000.00, 1),
(36, 2, NULL, NULL, 'HD0035', 1, '2024-11-19 10:10:06', 0, 0.00, 0),
(37, 2, NULL, NULL, 'HD0036', 1, '2024-11-19 10:11:49', 0, 0.00, 0),
(38, 2, NULL, NULL, 'HD0037', 1, '2024-11-19 10:13:32', 0, 0.00, 0),
(39, 2, NULL, NULL, 'HD0038', 1, '2024-11-19 10:16:07', 10, 1000.00, 0),
(40, 1, 2, 1, 'HD0039', 2, '2024-11-19 14:57:21', 1000, 87480.00, 1),
(41, 1, NULL, NULL, 'HD0040', 1, '2024-11-20 09:19:22', 10, 1000.00, 0),
(42, 1, NULL, NULL, 'HD0041', 1, '2024-11-20 09:51:20', 10, 1000.00, 0),
(43, 1, NULL, NULL, 'HD0042', 1, '2024-11-20 09:53:00', 10, 1000.00, 0),
(44, 1, NULL, NULL, 'HD0043', 1, '2024-11-20 09:54:03', 10, 1000.00, 0),
(45, 1, NULL, NULL, 'HD0044', 1, '2024-11-20 10:00:11', 10, 1000.00, 0),
(46, 1, NULL, NULL, 'HD0045', 1, '2024-11-20 10:03:41', 10, 1000.00, 0),
(47, 1, NULL, NULL, 'HD0046', 1, '2024-11-20 10:09:50', 10, 1000.00, 0),
(48, 1, NULL, NULL, 'HD0047', 1, '2024-11-20 10:15:12', 10, 1000.00, 0),
(49, 1, NULL, NULL, 'HD0048', 1, '2024-11-20 10:20:22', 10, 1000.00, 0),
(50, 1, NULL, NULL, 'HD0049', 1, '2024-11-20 10:24:13', 10, 967000.00, 1),
(51, 1, NULL, NULL, 'HD0050', 1, '2024-11-22 09:39:43', 10, 1000.00, 0),
(52, 1, NULL, 1, 'HD0051', 1, '2024-11-22 10:26:53', 10, 1000.00, 0),
(53, 1, NULL, 1, 'HD0052', 1, '2024-11-22 10:52:45', 10, 1000.00, 0),
(54, 1, NULL, 1, 'HD0053', 1, '2024-11-22 11:03:50', 10, 1000.00, 0),
(55, 2, NULL, 1, 'HD0054', 1, '2024-11-22 11:06:43', 10, 1000.00, 0),
(56, 4, NULL, 1, 'HD0055', 1, '2024-11-26 13:43:37', 10, 1000.00, 0),
(57, 5, NULL, NULL, 'HD0056', 1, '2024-11-26 14:31:16', 10, 1000.00, 0),
(58, 5, NULL, NULL, 'HD0057', 1, '2024-11-26 15:39:45', 10, 1000.00, 0),
(59, 4, NULL, 1, 'HD0058', 2, '2024-11-26 16:24:41', 20, 2000.00, 1),
(60, 4, 1, 1, 'HD0059', 2, '2024-11-26 16:57:03', 20, 1800.00, 1),
(61, 4, NULL, 1, 'HD0060', 1, '2024-11-26 17:02:05', 10, 1000.00, 0),
(62, 4, NULL, 1, 'HD0061', 1, '2024-11-26 17:06:48', 10, 1000.00, 1),
(63, 1, NULL, NULL, 'HD0062', 1, '2024-11-29 16:29:09', 10, 1000.00, 0),
(64, 1, NULL, NULL, 'HD0063', 1, '2024-11-29 16:42:39', 10, 1000.00, 0),
(65, 1, NULL, NULL, 'HD0064', 1, '2024-11-29 17:00:56', 10, 1000.00, 0),
(66, 1, NULL, NULL, 'HD0065', 1, '2024-11-29 17:03:34', 10, 1000.00, 0),
(67, 1, NULL, NULL, 'HD0066', 1, '2024-11-29 17:06:44', 10, 1000.00, 0),
(68, 1, NULL, NULL, 'HD0067', 1, '2024-11-29 17:07:22', 10, 1000.00, 0),
(69, 1, NULL, NULL, 'HD0068', 1, '2024-11-29 17:09:01', 10, 1000.00, 0),
(70, 1, NULL, NULL, 'HD0069', 1, '2024-11-29 17:09:24', 10, 1000.00, 0),
(71, 1, NULL, NULL, 'HD0070', 1, '2024-11-29 17:10:05', 10, 1000.00, 0),
(72, 1, NULL, NULL, 'HD0071', 1, '2024-11-29 17:15:05', 10, 1000.00, 0),
(73, 1, NULL, NULL, 'HD0072', 1, '2024-11-29 17:18:58', 10, 1000.00, 0),
(74, 1, NULL, NULL, 'HD0073', 1, '2024-11-29 17:19:34', 10, 1000.00, 0),
(75, 1, NULL, 1, 'HD0074', 1, '2024-11-29 17:20:35', 10, 1000.00, 0),
(76, 1, NULL, 1, 'HD0075', 1, '2024-11-29 17:25:31', 10, 1000.00, 0),
(77, 1, NULL, 3, 'HD0076', 1, '2024-11-30 10:37:05', 10, 1000.00, 0),
(78, 1, NULL, 3, 'HD0077', 2, '2024-12-03 16:33:37', 20, 2000.00, 0),
(79, 1, NULL, NULL, 'HD0078', 2, '2024-12-03 16:40:43', 20, 2000.00, 0),
(80, 1, NULL, NULL, 'HD0079', 2, '2024-12-03 16:40:54', 20, 2000.00, 0),
(81, 1, NULL, NULL, 'HD0080', 2, '2024-12-03 16:40:59', 20, 2000.00, 0),
(82, 1, NULL, 3, 'HD0081', 2, '2024-12-03 16:41:19', 20, 2000.00, 0),
(83, 1, NULL, NULL, 'HD0082', 1, '2024-12-04 15:01:27', 10, 1000.00, 0),
(84, 1, NULL, NULL, 'HD0083', 1, '2024-12-04 15:06:31', 10, 1000.00, 0),
(85, 4, NULL, NULL, 'HD0084', 1, '2024-12-04 15:10:35', 10, 1000.00, 0),
(86, 1, NULL, 3, 'HD0085', 1, '2024-12-04 15:20:16', 10, 1000.00, 0),
(87, 1, NULL, 3, 'HD0086', 1, '2024-12-04 17:06:22', 10, 1000.00, 1),
(88, 1, NULL, NULL, 'HD0087', 1, '2024-12-09 17:04:24', 10, 1000.00, 0),
(89, 1, NULL, 3, 'HD0088', 1, '2024-12-09 17:13:59', 10, 1000.00, 1),
(90, 1, NULL, NULL, 'HD0089', 2, '2024-12-10 14:21:13', 20, 2000.00, 0),
(91, 1, NULL, 3, 'HD0090', 1, '2024-12-10 14:30:55', 10, 1000.00, 0),
(92, 1, NULL, 3, 'HD0091', 2, '2024-12-10 14:32:29', 20, 2000.00, 1),
(93, 1, NULL, 3, 'HD0092', 2, '2024-12-12 00:02:42', 20, 2000.00, 0),
(94, 1, NULL, 3, 'HD0093', 2, '2024-12-12 10:27:56', 20, 2000.00, 0);

-- --------------------------------------------------------

--
-- Cấu trúc bảng cho bảng `khachhang`
--

CREATE TABLE `khachhang` (
  `ID` int(11) NOT NULL,
  `ID_PhanLoai` int(11) DEFAULT NULL,
  `ID_TaiKhoan` int(11) DEFAULT NULL,
  `MaKhachHang` varchar(15) NOT NULL,
  `Ten` varchar(15) NOT NULL,
  `TenDem` varchar(50) DEFAULT NULL,
  `Ho` varchar(50) NOT NULL,
  `NgaySinh` date NOT NULL,
  `SoDienThoai` varchar(10) NOT NULL,
  `GioiTinh` int(11) NOT NULL,
  `Email` varchar(255) NOT NULL,
  `DanToc` varchar(75) DEFAULT NULL,
  `DiaChi` varchar(255) NOT NULL,
  `Diem` int(11) DEFAULT NULL,
  `TrangThaiKhachHang` int(11) DEFAULT NULL
) ENGINE=InnoDB DEFAULT CHARSET=utf8mb4 COLLATE=utf8mb4_general_ci;

--
-- Đang đổ dữ liệu cho bảng `khachhang`
--

INSERT INTO `khachhang` (`ID`, `ID_PhanLoai`, `ID_TaiKhoan`, `MaKhachHang`, `Ten`, `TenDem`, `Ho`, `NgaySinh`, `SoDienThoai`, `GioiTinh`, `Email`, `DanToc`, `DiaChi`, `Diem`, `TrangThaiKhachHang`) VALUES
(1, 1, 3, 'KH001', 'Khoa', 'Đăng', 'Cao', '2004-08-13', '0869938981', 1, '04dkhoa04@gmail.com', 'Kinh', 'Số Nhà 4B66, Ngõ 296 Ngô Gia Tự, Phường Cát Bi, Quận Hải An, Hải Phòng', 1011549, 1),
(2, 2, 4, 'KH002', 'Le', 'Thi', 'E', '1996-06-06', '0900000002', 0, 'kh2@example.com', 'Kinh', 'Dia chi khach 2', 50, 1),
(3, 1, 5, 'KH003', 'Rat', 'D', 'Shanks', '2024-11-08', '0192856725', 0, 'shanks@ratmail.com', 'Kinh', '5 Bailey Str.', 50, 0),
(4, 1, 6, 'KH004', 'Stairs', 'D', 'Down', '2024-11-13', '0127682456', 0, 'DownDStairs@email.com', 'Kinh', 'East Blue', 30, 0),
(5, 1, 11, 'KH005', 'string', 'string', 'string', '2024-11-13', '0908997890', 0, 'string@gmail.com', 'string', 'string', 0, 1),
(6, 1, 13, 'KH006', 'Huy', 'Hoàng', 'Võ', '2004-08-13', '0869938981', 0, 'Huy@gmail.com', 'Kinh', 'Hải Phòng', 0, 1);

-- --------------------------------------------------------

--
-- Cấu trúc bảng cho bảng `khoqua`
--

CREATE TABLE `khoqua` (
  `ID` int(11) NOT NULL,
  `ID_KhachHang` int(11) DEFAULT NULL,
  `ID_Voucher` int(11) DEFAULT NULL
) ENGINE=InnoDB DEFAULT CHARSET=utf8mb4 COLLATE=utf8mb4_general_ci;

--
-- Đang đổ dữ liệu cho bảng `khoqua`
--

INSERT INTO `khoqua` (`ID`, `ID_KhachHang`, `ID_Voucher`) VALUES
(1, 1, 1),
(2, 2, 2),
(3, 1, 3);

-- --------------------------------------------------------

--
-- Cấu trúc bảng cho bảng `nhanvien`
--

CREATE TABLE `nhanvien` (
  `ID` int(11) NOT NULL,
  `ID_ChucVu` int(11) DEFAULT NULL,
  `ID_TaiKhoan` int(11) DEFAULT NULL,
  `MaNhanVien` varchar(15) NOT NULL,
  `Ten` varchar(100) NOT NULL,
  `TenDem` varchar(100) NOT NULL,
  `Ho` varchar(50) NOT NULL,
  `NgaySinh` date NOT NULL,
  `GioiTinh` int(11) NOT NULL,
  `Email` varchar(100) NOT NULL,
  `DanToc` varchar(50) DEFAULT NULL,
  `DiaChi` varchar(255) NOT NULL,
  `TrangThaiNhanVien` int(11) DEFAULT NULL
) ENGINE=InnoDB DEFAULT CHARSET=utf8mb4 COLLATE=utf8mb4_general_ci;

--
-- Đang đổ dữ liệu cho bảng `nhanvien`
--

INSERT INTO `nhanvien` (`ID`, `ID_ChucVu`, `ID_TaiKhoan`, `MaNhanVien`, `Ten`, `TenDem`, `Ho`, `NgaySinh`, `GioiTinh`, `Email`, `DanToc`, `DiaChi`, `TrangThaiNhanVien`) VALUES
(1, 1, 1, 'KH001', 'Khoa', 'Đăng', 'Cao', '2004-08-13', 1, '04dkhoa04@gmail.com', 'Kinh', 'Số Nhà 4B66, Ngõ 296 Ngô Gia Tự, Phường Cát Bi, Quận Hải An, Hải Phòng', 1),
(2, 2, 2, 'NV002', 'Le', 'Thi', 'B', '1992-02-02', 0, 'nv2@example.com', 'Kinh', 'Dia chi 2', 1),
(7, 7, 12, 'NV003', 'Save Me', 'Too Hungry', 'I\'m not even a tester', '2024-11-13', 0, 'fml@email.com', 'Whatever', 'Earth', 1);

-- --------------------------------------------------------

--
-- Cấu trúc bảng cho bảng `phanloaichucvu`
--

CREATE TABLE `phanloaichucvu` (
  `ID` int(11) NOT NULL,
  `MaChucVu` varchar(15) NOT NULL,
  `TenChucVu` varchar(150) NOT NULL,
  `TrangThaiPhanLoaiChucVu` int(11) DEFAULT NULL
) ENGINE=InnoDB DEFAULT CHARSET=utf8mb4 COLLATE=utf8mb4_general_ci;

--
-- Đang đổ dữ liệu cho bảng `phanloaichucvu`
--

INSERT INTO `phanloaichucvu` (`ID`, `MaChucVu`, `TenChucVu`, `TrangThaiPhanLoaiChucVu`) VALUES
(1, 'CV001', 'Quản lý', 1),
(2, 'CV002', 'Nhân viên bán vé', 1),
(3, 'CV003', 'Nhân viên kỹ thuật', 1),
(4, 'CV004', 'Nhân viên chăm sóc khách hàng', 1),
(5, 'CV005', 'Quản trị viên', 1),
(6, 'CV006', 'Nhân viên vệ sinh', 1),
(7, 'CV007', 'Bảo vệ', 1),
(8, 'CV008', 'Nhân viên thu ngân', 1),
(9, 'CV009', 'Nhân viên kế toán', 1),
(10, 'CV010', 'Nhân viên Marketing', 1);

-- --------------------------------------------------------

--
-- Cấu trúc bảng cho bảng `phanloaikhachhang`
--

CREATE TABLE `phanloaikhachhang` (
  `ID` int(11) NOT NULL,
  `MaKhachHang` varchar(15) NOT NULL,
  `TenPhanLoaiKhachHang` varchar(100) NOT NULL,
  `TrangThaiPhanLoaiKhachHang` int(11) DEFAULT NULL
) ENGINE=InnoDB DEFAULT CHARSET=utf8mb4 COLLATE=utf8mb4_general_ci;

--
-- Đang đổ dữ liệu cho bảng `phanloaikhachhang`
--

INSERT INTO `phanloaikhachhang` (`ID`, `MaKhachHang`, `TenPhanLoaiKhachHang`, `TrangThaiPhanLoaiKhachHang`) VALUES
(1, 'KH001', 'Thành viên thường', 1),
(2, 'KH002', 'Thành viên VIP', 1),
(3, 'KH003', 'Thành viên Platinum', 1),
(4, 'KH004', 'Thành viên Vàng', 1),
(5, 'KH005', 'Thành viên Bạc', 1),
(6, 'KH006', 'Thành viên Đồng', 1),
(7, 'KH007', 'Thành viên Sinh viên', 1),
(8, 'KH008', 'Thành viên Gia đình', 1),
(9, 'KH009', 'Thành viên Doanh nghiệp', 1),
(10, 'KH010', 'Thành viên Khách mời', 1);

-- --------------------------------------------------------

--
-- Cấu trúc bảng cho bảng `phanloaitaikhoan`
--

CREATE TABLE `phanloaitaikhoan` (
  `ID` int(11) NOT NULL,
  `TenLoaiTaiKhoan` varchar(50) NOT NULL,
  `TrangThaiPhanLoaiTaiKhoan` int(11) DEFAULT NULL
) ENGINE=InnoDB DEFAULT CHARSET=utf8mb4 COLLATE=utf8mb4_general_ci;

--
-- Đang đổ dữ liệu cho bảng `phanloaitaikhoan`
--

INSERT INTO `phanloaitaikhoan` (`ID`, `TenLoaiTaiKhoan`, `TrangThaiPhanLoaiTaiKhoan`) VALUES
(1, 'NhanVien', 1),
(2, 'KhachHang', 1);

-- --------------------------------------------------------

--
-- Cấu trúc bảng cho bảng `phim`
--

CREATE TABLE `phim` (
  `ID` int(11) NOT NULL,
  `MaPhim` varchar(15) NOT NULL,
  `TenPhim` varchar(255) NOT NULL,
  `AnhPhim` varchar(255) NOT NULL,
  `DienVien` varchar(255) NOT NULL,
  `Nam` int(11) NOT NULL,
  `NoiDungMoTa` text DEFAULT NULL,
  `Trailer` varchar(255) DEFAULT NULL,
  `NgayRaMat` date NOT NULL,
  `ThoiLuong` int(11) NOT NULL,
  `QuocGia` varchar(100) NOT NULL,
  `NoiDung` text DEFAULT NULL,
  `GioiHanDoTuoi` int(11) NOT NULL,
  `TrangThai` int(11) DEFAULT NULL,
  `Diem` decimal(3,2) DEFAULT 0.00 CHECK (`Diem` > 0 and `Diem` <= 10)
) ENGINE=InnoDB DEFAULT CHARSET=utf8mb4 COLLATE=utf8mb4_general_ci;

--
-- Đang đổ dữ liệu cho bảng `phim`
--

INSERT INTO `phim` (`ID`, `MaPhim`, `TenPhim`, `AnhPhim`, `DienVien`, `Nam`, `NoiDungMoTa`, `Trailer`, `NgayRaMat`, `ThoiLuong`, `QuocGia`, `NoiDung`, `GioiHanDoTuoi`, `TrangThai`, `Diem`) VALUES
(1, 'MVS0045', 'Linh Miêu: Quỷ Nhập Tràng', 'https://cdn.galaxycine.vn/media/2024/11/14/linh-mieu-2_1731569950588.jpg', 'Dien Vien A', 2024, '', '', '2024-01-01', 120, 'Việt Nam', '', 2, 1, 9.00),
(2, 'MVS0045', 'Hành trình của Moana 2', 'https://cdn.galaxycine.vn/media/2024/12/4/moana-2-500_1733308287086.jpg', 'Dien Vien B', 2024, 'Mo ta phim B', 'trailer_b.mp4', '2024-01-01', 150, 'My', 'Noi dung phim B', 3, 1, 4.00),
(3, 'MVS0045', 'Chiến Địa Tử Thi', 'https://cdn.galaxycine.vn/media/2024/11/19/chien-dia-tu-thi-500_1732002114850.jpg', 'Dien Vien C', 2024, 'Mo ta phim C', 'trailer_c.mp4', '2024-01-01', 90, 'Han Quoc', 'Noi dung phim C', 2, 1, 5.00),
(4, 'PH004', 'Cười Xuyên Biên Giới', 'https://cdn.galaxycine.vn/media/2024/11/12/cuoi-xuyen-bien-gioi-500_1731395845993.jpg', 'Dien Vien C', 2024, 'Mo ta phim C', 'trailer_c.mp4', '2024-01-01', 90, 'Han Quoc', 'Noi dung phim C', 2, 1, 5.00),
(5, 'PH005', 'Wicked', 'https://cdn.galaxycine.vn/media/2024/10/23/wicked-500_1729656608464.jpg', 'Dien Vien C', 2024, 'Mo ta phim C', 'trailer_c.mp4', '2024-01-01', 90, 'Han Quoc', 'Noi dung phim C', 2, 1, 5.00),
(6, 'PH006', 'Quỷ Treo Đầu', 'https://cdn.galaxycine.vn/media/2024/11/20/qu-treo-dau-500_1732094526458.jpg', 'Dien Vien C', 2024, 'Mo ta phim C', 'trailer_c.mp4', '2024-01-01', 90, 'Han Quoc', 'Noi dung phim C', 2, 1, 5.00),
(7, 'PH007', 'BLue Preiod', 'https://cdn.galaxycine.vn/media/2024/11/21/blue-period-500_1732162662218.jpg', 'Dien Vien C', 2024, 'Mo ta phim C', 'trailer_c.mp4', '2024-01-01', 90, 'Han Quoc', 'Noi dung phim C', 2, 1, 5.00),
(8, 'PH008', 'Mật Mã Đỏ', 'https://cdn.galaxycine.vn/media/2024/11/8/red-one-500_1731035309958.jpg', 'Dien Vien C', 2024, 'Mo ta phim C', 'trailer_c.mp4', '2024-01-01', 90, 'Han Quoc', 'Noi dung phim C', 2, 1, 5.00),
(44, 'MVS0044', 'Công Tử Bạc Liêu', 'https://cdn.galaxycine.vn/media/2024/11/15/cong-tu-bac-lieu-500_1731641572864.jpg', 'Song Luân, Kaiti Nguyễn', 2024, '', '', '2024-12-06', 113, 'Việt Nam', '', 3, 1, 7.20),
(45, 'MVS0045', 'Tết Âm Hồn', 'https://cdn.galaxycine.vn/media/2024/11/27/tet-am-hon-500_1732679184107.jpg', 'Donny Alamsyah, Fauzan Nasrul, Anantya Kirana', 2024, 'test', 'test.com', '2024-12-10', 120, 'test', 'test', 2, 1, 9.10);

-- --------------------------------------------------------

--
-- Cấu trúc bảng cho bảng `phongchieu`
--

CREATE TABLE `phongchieu` (
  `ID` int(11) NOT NULL,
  `MaPhong` varchar(15) NOT NULL,
  `TongSoGhe` int(11) NOT NULL,
  `TrangThaiPhongChieu` int(11) DEFAULT NULL
) ENGINE=InnoDB DEFAULT CHARSET=utf8mb4 COLLATE=utf8mb4_general_ci;

--
-- Đang đổ dữ liệu cho bảng `phongchieu`
--

INSERT INTO `phongchieu` (`ID`, `MaPhong`, `TongSoGhe`, `TrangThaiPhongChieu`) VALUES
(1, 'PC001', 60, 1),
(2, 'PC002', 60, 1),
(3, 'PC003', 60, 1),
(4, 'PhongAn', 20, 0),
(5, 'PhongAn', 20, 0),
(6, 'PC005', 20, 0);

-- --------------------------------------------------------

--
-- Cấu trúc bảng cho bảng `pttt`
--

CREATE TABLE `pttt` (
  `ID` int(11) NOT NULL,
  `MaPTTT` varchar(15) NOT NULL,
  `TenPTTT` varchar(200) NOT NULL,
  `TrangThaiPTTT` int(11) DEFAULT NULL
) ENGINE=InnoDB DEFAULT CHARSET=utf8mb4 COLLATE=utf8mb4_general_ci;

--
-- Đang đổ dữ liệu cho bảng `pttt`
--

INSERT INTO `pttt` (`ID`, `MaPTTT`, `TenPTTT`, `TrangThaiPTTT`) VALUES
(1, 'PT001', 'Tiền mặt', 1),
(2, 'PT002', 'Thẻ tín dụng', 1),
(3, 'PT003', 'Chuyển khoản', 1),
(4, 'PTTT5', 'Vay nợ', 0),
(5, 'PTWhat', 'R92', 1);

-- --------------------------------------------------------

--
-- Cấu trúc bảng cho bảng `qrtz_blob_triggers`
--

CREATE TABLE `qrtz_blob_triggers` (
  `SCHED_NAME` varchar(120) NOT NULL,
  `TRIGGER_NAME` varchar(200) NOT NULL,
  `TRIGGER_GROUP` varchar(200) NOT NULL,
  `BLOB_DATA` blob DEFAULT NULL
) ENGINE=InnoDB DEFAULT CHARSET=utf8mb4 COLLATE=utf8mb4_general_ci;

-- --------------------------------------------------------

--
-- Cấu trúc bảng cho bảng `qrtz_calendars`
--

CREATE TABLE `qrtz_calendars` (
  `SCHED_NAME` varchar(120) NOT NULL,
  `CALENDAR_NAME` varchar(200) NOT NULL,
  `CALENDAR` blob NOT NULL
) ENGINE=InnoDB DEFAULT CHARSET=utf8mb4 COLLATE=utf8mb4_general_ci;

-- --------------------------------------------------------

--
-- Cấu trúc bảng cho bảng `qrtz_cron_triggers`
--

CREATE TABLE `qrtz_cron_triggers` (
  `SCHED_NAME` varchar(120) NOT NULL,
  `TRIGGER_NAME` varchar(200) NOT NULL,
  `TRIGGER_GROUP` varchar(200) NOT NULL,
  `CRON_EXPRESSION` varchar(120) NOT NULL,
  `TIME_ZONE_ID` varchar(80) DEFAULT NULL
) ENGINE=InnoDB DEFAULT CHARSET=utf8mb4 COLLATE=utf8mb4_general_ci;

-- --------------------------------------------------------

--
-- Cấu trúc bảng cho bảng `qrtz_fired_triggers`
--

CREATE TABLE `qrtz_fired_triggers` (
  `SCHED_NAME` varchar(120) NOT NULL,
  `ENTRY_ID` varchar(140) NOT NULL,
  `TRIGGER_NAME` varchar(200) NOT NULL,
  `TRIGGER_GROUP` varchar(200) NOT NULL,
  `INSTANCE_NAME` varchar(200) NOT NULL,
  `FIRED_TIME` bigint(19) NOT NULL,
  `SCHED_TIME` bigint(19) NOT NULL,
  `PRIORITY` int(11) NOT NULL,
  `STATE` varchar(16) NOT NULL,
  `JOB_NAME` varchar(200) DEFAULT NULL,
  `JOB_GROUP` varchar(200) DEFAULT NULL,
  `IS_NONCONCURRENT` tinyint(1) DEFAULT NULL,
  `REQUESTS_RECOVERY` tinyint(1) DEFAULT NULL
) ENGINE=InnoDB DEFAULT CHARSET=utf8mb4 COLLATE=utf8mb4_general_ci;

-- --------------------------------------------------------

--
-- Cấu trúc bảng cho bảng `qrtz_job_details`
--

CREATE TABLE `qrtz_job_details` (
  `SCHED_NAME` varchar(120) NOT NULL,
  `JOB_NAME` varchar(200) NOT NULL,
  `JOB_GROUP` varchar(200) NOT NULL,
  `DESCRIPTION` varchar(250) DEFAULT NULL,
  `JOB_CLASS_NAME` varchar(250) NOT NULL,
  `IS_DURABLE` tinyint(1) NOT NULL,
  `IS_NONCONCURRENT` tinyint(1) NOT NULL,
  `IS_UPDATE_DATA` tinyint(1) NOT NULL,
  `REQUESTS_RECOVERY` tinyint(1) NOT NULL,
  `JOB_DATA` blob DEFAULT NULL
) ENGINE=InnoDB DEFAULT CHARSET=utf8mb4 COLLATE=utf8mb4_general_ci;

--
-- Đang đổ dữ liệu cho bảng `qrtz_job_details`
--

INSERT INTO `qrtz_job_details` (`SCHED_NAME`, `JOB_NAME`, `JOB_GROUP`, `DESCRIPTION`, `JOB_CLASS_NAME`, `IS_DURABLE`, `IS_NONCONCURRENT`, `IS_UPDATE_DATA`, `REQUESTS_RECOVERY`, `JOB_DATA`) VALUES
('MyScheduler', 'EndSuatChieuJob1', 'suatchieuGroup', NULL, 'com.backend.cineboo.scheduledJobs.EndSuatChieuJob', 0, 0, 0, 0, 0xaced0005737200156f72672e71756172747a2e4a6f62446174614d61709fb083e8bfa9b0cb020000787200266f72672e71756172747a2e7574696c732e537472696e674b65794469727479466c61674d61708208e8c3fbc55d280200015a0013616c6c6f77735472616e7369656e74446174617872001d6f72672e71756172747a2e7574696c732e4469727479466c61674d617013e62ead28760ace0200025a000564697274794c00036d617074000f4c6a6176612f7574696c2f4d61703b787000737200116a6176612e7574696c2e486173684d61700507dac1c31660d103000246000a6c6f6164466163746f724900097468726573686f6c6478703f40000000000010770800000010000000007800),
('MyScheduler', 'FreeAllGheFromSuatChieuJob1', 'suatchieuGroup', NULL, 'com.backend.cineboo.scheduledJobs.FreeAllGheFromSuatChieuJob', 0, 0, 0, 0, 0xaced0005737200156f72672e71756172747a2e4a6f62446174614d61709fb083e8bfa9b0cb020000787200266f72672e71756172747a2e7574696c732e537472696e674b65794469727479466c61674d61708208e8c3fbc55d280200015a0013616c6c6f77735472616e7369656e74446174617872001d6f72672e71756172747a2e7574696c732e4469727479466c61674d617013e62ead28760ace0200025a000564697274794c00036d617074000f4c6a6176612f7574696c2f4d61703b787000737200116a6176612e7574696c2e486173684d61700507dac1c31660d103000246000a6c6f6164466163746f724900097468726573686f6c6478703f40000000000010770800000010000000007800),
('MyScheduler', 'StartSuatChieuJob1', 'suatchieuGroup', NULL, 'com.backend.cineboo.scheduledJobs.StartSuatChieuJob', 0, 0, 0, 0, 0xaced0005737200156f72672e71756172747a2e4a6f62446174614d61709fb083e8bfa9b0cb020000787200266f72672e71756172747a2e7574696c732e537472696e674b65794469727479466c61674d61708208e8c3fbc55d280200015a0013616c6c6f77735472616e7369656e74446174617872001d6f72672e71756172747a2e7574696c732e4469727479466c61674d617013e62ead28760ace0200025a000564697274794c00036d617074000f4c6a6176612f7574696c2f4d61703b787000737200116a6176612e7574696c2e486173684d61700507dac1c31660d103000246000a6c6f6164466163746f724900097468726573686f6c6478703f40000000000010770800000010000000007800);

-- --------------------------------------------------------

--
-- Cấu trúc bảng cho bảng `qrtz_locks`
--

CREATE TABLE `qrtz_locks` (
  `SCHED_NAME` varchar(120) NOT NULL,
  `LOCK_NAME` varchar(40) NOT NULL
) ENGINE=InnoDB DEFAULT CHARSET=utf8mb4 COLLATE=utf8mb4_general_ci;

--
-- Đang đổ dữ liệu cho bảng `qrtz_locks`
--

INSERT INTO `qrtz_locks` (`SCHED_NAME`, `LOCK_NAME`) VALUES
('MyScheduler', 'STATE_ACCESS'),
('MyScheduler', 'TRIGGER_ACCESS');

-- --------------------------------------------------------

--
-- Cấu trúc bảng cho bảng `qrtz_paused_trigger_grps`
--

CREATE TABLE `qrtz_paused_trigger_grps` (
  `SCHED_NAME` varchar(120) NOT NULL,
  `TRIGGER_GROUP` varchar(200) NOT NULL
) ENGINE=InnoDB DEFAULT CHARSET=utf8mb4 COLLATE=utf8mb4_general_ci;

-- --------------------------------------------------------

--
-- Cấu trúc bảng cho bảng `qrtz_scheduler_state`
--

CREATE TABLE `qrtz_scheduler_state` (
  `SCHED_NAME` varchar(120) NOT NULL,
  `INSTANCE_NAME` varchar(200) NOT NULL,
  `LAST_CHECKIN_TIME` bigint(19) NOT NULL,
  `CHECKIN_INTERVAL` bigint(19) NOT NULL
) ENGINE=InnoDB DEFAULT CHARSET=utf8mb4 COLLATE=utf8mb4_general_ci;

--
-- Đang đổ dữ liệu cho bảng `qrtz_scheduler_state`
--

INSERT INTO `qrtz_scheduler_state` (`SCHED_NAME`, `INSTANCE_NAME`, `LAST_CHECKIN_TIME`, `CHECKIN_INTERVAL`) VALUES
('MyScheduler', 'LAPTOP-4PHR6C801734054355760', 1734064305407, 7500);

-- --------------------------------------------------------

--
-- Cấu trúc bảng cho bảng `qrtz_simple_triggers`
--

CREATE TABLE `qrtz_simple_triggers` (
  `SCHED_NAME` varchar(120) NOT NULL,
  `TRIGGER_NAME` varchar(200) NOT NULL,
  `TRIGGER_GROUP` varchar(200) NOT NULL,
  `REPEAT_COUNT` bigint(7) NOT NULL,
  `REPEAT_INTERVAL` bigint(12) NOT NULL,
  `TIMES_TRIGGERED` bigint(10) NOT NULL
) ENGINE=InnoDB DEFAULT CHARSET=utf8mb4 COLLATE=utf8mb4_general_ci;

--
-- Đang đổ dữ liệu cho bảng `qrtz_simple_triggers`
--

INSERT INTO `qrtz_simple_triggers` (`SCHED_NAME`, `TRIGGER_NAME`, `TRIGGER_GROUP`, `REPEAT_COUNT`, `REPEAT_INTERVAL`, `TIMES_TRIGGERED`) VALUES
('MyScheduler', 'EndSuatChieuTrigger1', 'suatchieuGroup', 0, 0, 0),
('MyScheduler', 'FreeAllGheFromSuatChieuTrigger1', 'suatchieuGroup', 0, 0, 0),
('MyScheduler', 'StartSuatChieuTrigger1', 'suatchieuGroup', 0, 0, 0);

-- --------------------------------------------------------

--
-- Cấu trúc bảng cho bảng `qrtz_simprop_triggers`
--

CREATE TABLE `qrtz_simprop_triggers` (
  `SCHED_NAME` varchar(120) NOT NULL,
  `TRIGGER_NAME` varchar(200) NOT NULL,
  `TRIGGER_GROUP` varchar(200) NOT NULL,
  `STR_PROP_1` varchar(512) DEFAULT NULL,
  `STR_PROP_2` varchar(512) DEFAULT NULL,
  `STR_PROP_3` varchar(512) DEFAULT NULL,
  `INT_PROP_1` int(11) DEFAULT NULL,
  `INT_PROP_2` int(11) DEFAULT NULL,
  `LONG_PROP_1` bigint(20) DEFAULT NULL,
  `LONG_PROP_2` bigint(20) DEFAULT NULL,
  `DEC_PROP_1` decimal(13,4) DEFAULT NULL,
  `DEC_PROP_2` decimal(13,4) DEFAULT NULL,
  `BOOL_PROP_1` tinyint(1) DEFAULT NULL,
  `BOOL_PROP_2` tinyint(1) DEFAULT NULL,
  `TIME_ZONE_ID` varchar(80) DEFAULT NULL
) ENGINE=InnoDB DEFAULT CHARSET=utf8mb4 COLLATE=utf8mb4_general_ci;

-- --------------------------------------------------------

--
-- Cấu trúc bảng cho bảng `qrtz_triggers`
--

CREATE TABLE `qrtz_triggers` (
  `SCHED_NAME` varchar(120) NOT NULL,
  `TRIGGER_NAME` varchar(200) NOT NULL,
  `TRIGGER_GROUP` varchar(200) NOT NULL,
  `JOB_NAME` varchar(200) NOT NULL,
  `JOB_GROUP` varchar(200) NOT NULL,
  `DESCRIPTION` varchar(250) DEFAULT NULL,
  `NEXT_FIRE_TIME` bigint(19) DEFAULT NULL,
  `PREV_FIRE_TIME` bigint(19) DEFAULT NULL,
  `PRIORITY` int(11) DEFAULT NULL,
  `TRIGGER_STATE` varchar(16) NOT NULL,
  `TRIGGER_TYPE` varchar(8) NOT NULL,
  `START_TIME` bigint(19) NOT NULL,
  `END_TIME` bigint(19) DEFAULT NULL,
  `CALENDAR_NAME` varchar(200) DEFAULT NULL,
  `MISFIRE_INSTR` smallint(2) DEFAULT NULL,
  `JOB_DATA` blob DEFAULT NULL
) ENGINE=InnoDB DEFAULT CHARSET=utf8mb4 COLLATE=utf8mb4_general_ci;

--
-- Đang đổ dữ liệu cho bảng `qrtz_triggers`
--

INSERT INTO `qrtz_triggers` (`SCHED_NAME`, `TRIGGER_NAME`, `TRIGGER_GROUP`, `JOB_NAME`, `JOB_GROUP`, `DESCRIPTION`, `NEXT_FIRE_TIME`, `PREV_FIRE_TIME`, `PRIORITY`, `TRIGGER_STATE`, `TRIGGER_TYPE`, `START_TIME`, `END_TIME`, `CALENDAR_NAME`, `MISFIRE_INSTR`, `JOB_DATA`) VALUES
('MyScheduler', 'EndSuatChieuTrigger1', 'suatchieuGroup', 'EndSuatChieuJob1', 'suatchieuGroup', NULL, 1735736400000, -1, 5, 'WAITING', 'SIMPLE', 1735736400000, 0, NULL, 1, 0xaced0005737200156f72672e71756172747a2e4a6f62446174614d61709fb083e8bfa9b0cb020000787200266f72672e71756172747a2e7574696c732e537472696e674b65794469727479466c61674d61708208e8c3fbc55d280200015a0013616c6c6f77735472616e7369656e74446174617872001d6f72672e71756172747a2e7574696c732e4469727479466c61674d617013e62ead28760ace0200025a000564697274794c00036d617074000f4c6a6176612f7574696c2f4d61703b787001737200116a6176612e7574696c2e486173684d61700507dac1c31660d103000246000a6c6f6164466163746f724900097468726573686f6c6478703f4000000000000c7708000000100000000174000269647372000e6a6176612e6c616e672e4c6f6e673b8be490cc8f23df0200014a000576616c7565787200106a6176612e6c616e672e4e756d62657286ac951d0b94e08b020000787000000000000000017800),
('MyScheduler', 'FreeAllGheFromSuatChieuTrigger1', 'suatchieuGroup', 'FreeAllGheFromSuatChieuJob1', 'suatchieuGroup', NULL, 1735736700000, -1, 5, 'WAITING', 'SIMPLE', 1735736700000, 0, NULL, 1, 0xaced0005737200156f72672e71756172747a2e4a6f62446174614d61709fb083e8bfa9b0cb020000787200266f72672e71756172747a2e7574696c732e537472696e674b65794469727479466c61674d61708208e8c3fbc55d280200015a0013616c6c6f77735472616e7369656e74446174617872001d6f72672e71756172747a2e7574696c732e4469727479466c61674d617013e62ead28760ace0200025a000564697274794c00036d617074000f4c6a6176612f7574696c2f4d61703b787001737200116a6176612e7574696c2e486173684d61700507dac1c31660d103000246000a6c6f6164466163746f724900097468726573686f6c6478703f4000000000000c7708000000100000000174000269647372000e6a6176612e6c616e672e4c6f6e673b8be490cc8f23df0200014a000576616c7565787200106a6176612e6c616e672e4e756d62657286ac951d0b94e08b020000787000000000000000017800),
('MyScheduler', 'StartSuatChieuTrigger1', 'suatchieuGroup', 'StartSuatChieuJob1', 'suatchieuGroup', NULL, 1735729200000, -1, 5, 'WAITING', 'SIMPLE', 1735729200000, 0, NULL, 1, 0xaced0005737200156f72672e71756172747a2e4a6f62446174614d61709fb083e8bfa9b0cb020000787200266f72672e71756172747a2e7574696c732e537472696e674b65794469727479466c61674d61708208e8c3fbc55d280200015a0013616c6c6f77735472616e7369656e74446174617872001d6f72672e71756172747a2e7574696c732e4469727479466c61674d617013e62ead28760ace0200025a000564697274794c00036d617074000f4c6a6176612f7574696c2f4d61703b787001737200116a6176612e7574696c2e486173684d61700507dac1c31660d103000246000a6c6f6164466163746f724900097468726573686f6c6478703f4000000000000c7708000000100000000174000269647372000e6a6176612e6c616e672e4c6f6e673b8be490cc8f23df0200014a000576616c7565787200106a6176612e6c616e672e4e756d62657286ac951d0b94e08b020000787000000000000000017800);

-- --------------------------------------------------------

--
-- Cấu trúc bảng cho bảng `review`
--

CREATE TABLE `review` (
  `ID` int(11) NOT NULL,
  `MaReview` varchar(50) GENERATED ALWAYS AS (concat('RV',`ID`)) VIRTUAL,
  `ID_KhachHang` int(11) NOT NULL,
  `ID_Phim` int(11) NOT NULL,
  `DanhGia` tinyint(4) NOT NULL CHECK (`DanhGia` > 0 and `DanhGia` <= 10),
  `BinhLuan` varchar(2000) NOT NULL,
  `TrangThaiReview` tinyint(4) DEFAULT NULL
) ENGINE=InnoDB DEFAULT CHARSET=utf8mb4 COLLATE=utf8mb4_general_ci;

--
-- Đang đổ dữ liệu cho bảng `review`
--

INSERT INTO `review` (`ID`, `ID_KhachHang`, `ID_Phim`, `DanhGia`, `BinhLuan`, `TrangThaiReview`) VALUES
(1, 1, 1, 7, 'OK', 1),
(2, 1, 2, 5, 'mid', 1),
(3, 1, 3, 5, 'Average', 1),
(4, 2, 3, 5, 'Average', 1);

-- --------------------------------------------------------

--
-- Cấu trúc bảng cho bảng `suatchieu`
--

CREATE TABLE `suatchieu` (
  `ID` int(11) NOT NULL,
  `MaSuatChieu` varchar(15) NOT NULL,
  `ThoiGianChieu` datetime NOT NULL,
  `ID_Phim` int(11) DEFAULT NULL,
  `TrangThaiSuatChieu` int(11) DEFAULT NULL,
  `ID_PhongChieu` int(11) DEFAULT NULL COMMENT 'Column should only be used to avoid INSERT duplication of based on (ID_PhongChieu, ID_Phim, ThoiGianChieu). It''s best to query PhongChieu and its properties by going SuatChieu > GheAndSuatChieu > Ghe > PhongChieu'
) ENGINE=InnoDB DEFAULT CHARSET=utf8mb4 COLLATE=utf8mb4_general_ci;

--
-- Đang đổ dữ liệu cho bảng `suatchieu`
--

INSERT INTO `suatchieu` (`ID`, `MaSuatChieu`, `ThoiGianChieu`, `ID_Phim`, `TrangThaiSuatChieu`, `ID_PhongChieu`) VALUES
(1, 'MSC001', '2024-12-12 18:00:00', 1, 0, 1),
(2, 'MSC002', '2024-12-03 20:00:00', 2, 2, 1),
(3, 'MSC003', '2024-11-30 21:00:00', 3, 2, NULL),
(4, 'MSC004', '2024-12-12 08:00:00', 1, 1, NULL),
(5, 'MSC005', '2024-12-17 10:00:00', 1, 1, NULL),
(6, 'MSC006', '2024-12-16 12:00:00', 1, 2, NULL),
(7, 'MSC007', '2024-12-15 14:00:00', 1, 1, NULL),
(8, 'MSC008', '2024-12-03 09:49:42', 3, 0, NULL),
(9, 'MSC009', '2024-12-03 09:49:42', 3, 0, NULL),
(10, 'MSC0010', '2024-12-12 09:49:42', 3, 0, NULL),
(11, 'MSC0011', '2024-12-03 09:49:42', 2, 0, NULL),
(12, 'MSC0012', '2024-12-03 09:49:42', 2, 0, 2),
(13, 'MSC0013', '2024-12-13 20:00:00', 1, 0, 1),
(15, 'MSC0014', '2024-12-09 09:11:05', 5, 0, NULL),
(16, 'MSC0016', '2024-12-10 19:00:00', 5, 0, 1),
(17, 'MSC0017', '2024-12-10 19:20:00', 6, 0, 1),
(18, 'MSC0018', '2024-12-14 16:00:00', 1, 0, 2),
(19, 'MSC0019', '2024-12-10 18:57:23', 10, 0, 2),
(20, 'MSC0020', '2024-12-14 03:58:37', 10, 0, 1),
(21, 'MSC0021', '2024-12-14 09:58:37', 10, 0, 1),
(22, 'MSC0022', '2024-12-14 15:58:37', 10, 0, 1),
(23, 'MSC0023', '2024-12-14 19:58:37', 10, 0, 1),
(24, 'MSC0024', '2024-12-15 02:58:37', 10, 0, 1),
(25, 'MSC0025', '2024-12-15 09:58:37', 10, 0, 1),
(26, 'MSC0027', '2024-12-15 12:58:37', 10, 0, 1),
(27, 'MSC0029', '2024-12-15 15:58:37', 10, 0, 1),
(28, 'MSC0031', '2024-12-15 16:58:37', 10, 0, 1),
(29, 'MSC0029', '2024-12-14 11:07:40', 6, 0, 2);

-- --------------------------------------------------------

--
-- Cấu trúc bảng cho bảng `taikhoan`
--

CREATE TABLE `taikhoan` (
  `ID` int(11) NOT NULL,
  `MaTaiKhoan` varchar(20) GENERATED ALWAYS AS (concat('TK00',`ID`)) VIRTUAL,
  `TenDangNhap` varchar(100) NOT NULL,
  `MatKhau` varchar(100) NOT NULL,
  `TrangThaiTaiKhoan` int(11) NOT NULL,
  `ID_PhanLoaiTaiKhoan` int(11) NOT NULL,
  `OTP` varchar(50) DEFAULT NULL,
  `GhiChu` varchar(100) DEFAULT NULL
) ENGINE=InnoDB DEFAULT CHARSET=utf8mb4 COLLATE=utf8mb4_general_ci;

--
-- Đang đổ dữ liệu cho bảng `taikhoan`
--

INSERT INTO `taikhoan` (`ID`, `TenDangNhap`, `MatKhau`, `TrangThaiTaiKhoan`, `ID_PhanLoaiTaiKhoan`, `OTP`, `GhiChu`) VALUES
(1, 'tk1', '$2a$10$bOOwbY7XlEX1yU0hj5KaxuusAY7PqV0rf9NFUXMssrnoGC8lc0kSC', 1, 1, '', 'Fifth user'),
(2, 'tk2', '$2a$10$VVXhYwpxUdTQrLpURl57UO0H89kbTKvosB8YCPQqe2lVZTTIJ8m6q', 1, 1, '', 'Sixth user'),
(3, 'tk3', '$2a$10$Uko2FFUAYGOF1LQxzDM6Ve77ZGgj0M3AMxO5mBE4ZiuFhsUN5hG0.', 0, 2, '', 'Seventh user'),
(4, 'tk4', '$2a$10$eFvzrIwkKVKTRkGSpesrbOjLoDHD4MglEyJ9Y7csrvbMBAiSrxA8O', 1, 2, '', 'Eighth user'),
(5, 'tk5', '$2a$10$cMVCilb3.wLa7GqntLvdxOGKUTqVsqbaks/pwkM.dzVf8.LIpFxnW', 1, 2, '', ''),
(6, 'mk6', '$2a$10$MJbAM0LNIZx0kWA5SmAwcuPsAZYhMiQYXQU9bSbgEkyqYjbrETYfG', 0, 2, '', ''),
(11, 'tk8', '$2a$10$umWGAOXhaS8Z.MKf5eCta.lHo.zjDaUOYXbxI2pLZV32FH0xkJeRm', 1, 2, '', ''),
(12, 'tk7', '$2a$10$1iPL6RrmGBR7/ax0mY85o.8T2iWUso3ZpEq5FJcOf5yxy8WVg5Kfa', 1, 1, '', ''),
(13, 'huy04', '$2a$10$CxV9hHHbFdLt6IwEPolcDODyhuZ9Gze1PN4ms/vL46hahxZxDf7CS', 1, 2, '', '');

-- --------------------------------------------------------

--
-- Cấu trúc bảng cho bảng `theloaiphim`
--

CREATE TABLE `theloaiphim` (
  `ID` int(11) NOT NULL,
  `MaTLPhim` varchar(15) NOT NULL,
  `TenTheLoai` varchar(100) NOT NULL,
  `TrangThai` int(11) DEFAULT NULL
) ENGINE=InnoDB DEFAULT CHARSET=utf8mb4 COLLATE=utf8mb4_general_ci;

--
-- Đang đổ dữ liệu cho bảng `theloaiphim`
--

INSERT INTO `theloaiphim` (`ID`, `MaTLPhim`, `TenTheLoai`, `TrangThai`) VALUES
(1, 'TL001', 'Ngoại tình', 1),
(2, 'TL002', 'Hài hước', 1),
(3, 'TL003', 'Kinh dị', 1),
(4, 'TL004', 'Tâm lý', 1),
(5, 'TL005', 'Tình cảm', 1),
(6, 'TL006', 'Hành động', 1);

-- --------------------------------------------------------

--
-- Cấu trúc bảng cho bảng `voucher`
--

CREATE TABLE `voucher` (
  `ID` int(11) NOT NULL,
  `MaVoucher` varchar(15) NOT NULL,
  `GiaTriDoi` int(11) NOT NULL,
  `TruTienPhanTram` int(11) DEFAULT NULL,
  `TruTienSo` decimal(18,2) DEFAULT NULL,
  `SoTienToiThieu` decimal(18,2) DEFAULT NULL,
  `GiamToiDa` decimal(18,2) DEFAULT NULL,
  `NgayBatDau` date DEFAULT NULL,
  `NgayKetThuc` date DEFAULT NULL,
  `SoLuong` int(11) DEFAULT NULL,
  `TrangThaiVoucher` int(11) DEFAULT NULL
) ENGINE=InnoDB DEFAULT CHARSET=utf8mb4 COLLATE=utf8mb4_general_ci;

--
-- Đang đổ dữ liệu cho bảng `voucher`
--

INSERT INTO `voucher` (`ID`, `MaVoucher`, `GiaTriDoi`, `TruTienPhanTram`, `TruTienSo`, `SoTienToiThieu`, `GiamToiDa`, `NgayBatDau`, `NgayKetThuc`, `SoLuong`, `TrangThaiVoucher`) VALUES
(1, 'VC001', 500, 10, 500.00, 500.00, 50000.00, '2024-01-01', '2025-01-01', 9, 1),
(2, 'VC002', 1000, NULL, 12520.00, 50000.00, 20000.00, '2024-01-01', '2025-06-30', 1, 1),
(3, 'VC003', 700, 5, NULL, 200000.00, 100000.00, '2024-02-01', '2024-12-22', 6, 1),
(4, 'TestVoucher15', 1, 1, NULL, 0.00, 1.00, '2024-11-12', '2024-11-12', 10, 1),
(5, 'TestVoucher16', 1, NULL, 1.00, 0.00, 1.00, '2023-11-01', '2024-11-28', 10, 1);

--
-- Chỉ mục cho các bảng đã đổ
--

--
-- Chỉ mục cho bảng `chitiethoadon`
--
ALTER TABLE `chitiethoadon`
  ADD PRIMARY KEY (`ID`),
  ADD KEY `ID_HoaDon` (`ID_HoaDon`),
  ADD KEY `ID_Ghe` (`ID_GheAndSuatChieu`);

--
-- Chỉ mục cho bảng `danhsachhoanve`
--
ALTER TABLE `danhsachhoanve`
  ADD PRIMARY KEY (`ID`),
  ADD UNIQUE KEY `ID_HoaDon` (`ID_HoaDon`),
  ADD UNIQUE KEY `ID_HoaDon_2` (`ID_HoaDon`);

--
-- Chỉ mục cho bảng `danhsachtlphim`
--
ALTER TABLE `danhsachtlphim`
  ADD PRIMARY KEY (`ID`),
  ADD KEY `ID_Phim` (`ID_Phim`),
  ADD KEY `ID_TLPhim` (`ID_TLPhim`);

--
-- Chỉ mục cho bảng `dotuoi`
--
ALTER TABLE `dotuoi`
  ADD PRIMARY KEY (`ID`);

--
-- Chỉ mục cho bảng `ghe`
--
ALTER TABLE `ghe`
  ADD PRIMARY KEY (`ID`),
  ADD KEY `ID_PhongChieu` (`ID_PhongChieu`);

--
-- Chỉ mục cho bảng `gheandsuatchieu`
--
ALTER TABLE `gheandsuatchieu`
  ADD PRIMARY KEY (`ID`),
  ADD UNIQUE KEY `Ghe_And_SuatChieu_Unique_Key` (`ID_GHE`,`ID_SUATCHIEU`),
  ADD KEY `FK_GHEANDSUATCHIEU_SUATCHIEU` (`ID_SUATCHIEU`);

--
-- Chỉ mục cho bảng `hoadon`
--
ALTER TABLE `hoadon`
  ADD PRIMARY KEY (`ID`),
  ADD KEY `ID_KhachHang` (`ID_KhachHang`),
  ADD KEY `ID_Voucher` (`ID_Voucher`),
  ADD KEY `ID_PTTT` (`ID_PTTT`);

--
-- Chỉ mục cho bảng `khachhang`
--
ALTER TABLE `khachhang`
  ADD PRIMARY KEY (`ID`),
  ADD KEY `ID_PhanLoai` (`ID_PhanLoai`),
  ADD KEY `ID_TaiKhoan` (`ID_TaiKhoan`);

--
-- Chỉ mục cho bảng `khoqua`
--
ALTER TABLE `khoqua`
  ADD PRIMARY KEY (`ID`),
  ADD KEY `ID_KhachHang` (`ID_KhachHang`),
  ADD KEY `ID_Voucher` (`ID_Voucher`);

--
-- Chỉ mục cho bảng `nhanvien`
--
ALTER TABLE `nhanvien`
  ADD PRIMARY KEY (`ID`),
  ADD KEY `ID_ChucVu` (`ID_ChucVu`),
  ADD KEY `ID_TaiKhoan` (`ID_TaiKhoan`);

--
-- Chỉ mục cho bảng `phanloaichucvu`
--
ALTER TABLE `phanloaichucvu`
  ADD PRIMARY KEY (`ID`);

--
-- Chỉ mục cho bảng `phanloaikhachhang`
--
ALTER TABLE `phanloaikhachhang`
  ADD PRIMARY KEY (`ID`);

--
-- Chỉ mục cho bảng `phanloaitaikhoan`
--
ALTER TABLE `phanloaitaikhoan`
  ADD PRIMARY KEY (`ID`),
  ADD UNIQUE KEY `TenLoaiTaiKhoan` (`TenLoaiTaiKhoan`);

--
-- Chỉ mục cho bảng `phim`
--
ALTER TABLE `phim`
  ADD PRIMARY KEY (`ID`),
  ADD KEY `FK_PHIM_DOTUOI` (`GioiHanDoTuoi`);

--
-- Chỉ mục cho bảng `phongchieu`
--
ALTER TABLE `phongchieu`
  ADD PRIMARY KEY (`ID`);

--
-- Chỉ mục cho bảng `pttt`
--
ALTER TABLE `pttt`
  ADD PRIMARY KEY (`ID`);

--
-- Chỉ mục cho bảng `qrtz_blob_triggers`
--
ALTER TABLE `qrtz_blob_triggers`
  ADD PRIMARY KEY (`SCHED_NAME`,`TRIGGER_NAME`,`TRIGGER_GROUP`),
  ADD KEY `SCHED_NAME` (`SCHED_NAME`,`TRIGGER_NAME`,`TRIGGER_GROUP`);

--
-- Chỉ mục cho bảng `qrtz_calendars`
--
ALTER TABLE `qrtz_calendars`
  ADD PRIMARY KEY (`SCHED_NAME`,`CALENDAR_NAME`);

--
-- Chỉ mục cho bảng `qrtz_cron_triggers`
--
ALTER TABLE `qrtz_cron_triggers`
  ADD PRIMARY KEY (`SCHED_NAME`,`TRIGGER_NAME`,`TRIGGER_GROUP`);

--
-- Chỉ mục cho bảng `qrtz_fired_triggers`
--
ALTER TABLE `qrtz_fired_triggers`
  ADD PRIMARY KEY (`SCHED_NAME`,`ENTRY_ID`),
  ADD KEY `IDX_QRTZ_FT_TRIG_INST_NAME` (`SCHED_NAME`,`INSTANCE_NAME`),
  ADD KEY `IDX_QRTZ_FT_INST_JOB_REQ_RCVRY` (`SCHED_NAME`,`INSTANCE_NAME`,`REQUESTS_RECOVERY`),
  ADD KEY `IDX_QRTZ_FT_J_G` (`SCHED_NAME`,`JOB_NAME`,`JOB_GROUP`),
  ADD KEY `IDX_QRTZ_FT_JG` (`SCHED_NAME`,`JOB_GROUP`),
  ADD KEY `IDX_QRTZ_FT_T_G` (`SCHED_NAME`,`TRIGGER_NAME`,`TRIGGER_GROUP`),
  ADD KEY `IDX_QRTZ_FT_TG` (`SCHED_NAME`,`TRIGGER_GROUP`);

--
-- Chỉ mục cho bảng `qrtz_job_details`
--
ALTER TABLE `qrtz_job_details`
  ADD PRIMARY KEY (`SCHED_NAME`,`JOB_NAME`,`JOB_GROUP`),
  ADD KEY `IDX_QRTZ_J_REQ_RECOVERY` (`SCHED_NAME`,`REQUESTS_RECOVERY`),
  ADD KEY `IDX_QRTZ_J_GRP` (`SCHED_NAME`,`JOB_GROUP`);

--
-- Chỉ mục cho bảng `qrtz_locks`
--
ALTER TABLE `qrtz_locks`
  ADD PRIMARY KEY (`SCHED_NAME`,`LOCK_NAME`);

--
-- Chỉ mục cho bảng `qrtz_paused_trigger_grps`
--
ALTER TABLE `qrtz_paused_trigger_grps`
  ADD PRIMARY KEY (`SCHED_NAME`,`TRIGGER_GROUP`);

--
-- Chỉ mục cho bảng `qrtz_scheduler_state`
--
ALTER TABLE `qrtz_scheduler_state`
  ADD PRIMARY KEY (`SCHED_NAME`,`INSTANCE_NAME`);

--
-- Chỉ mục cho bảng `qrtz_simple_triggers`
--
ALTER TABLE `qrtz_simple_triggers`
  ADD PRIMARY KEY (`SCHED_NAME`,`TRIGGER_NAME`,`TRIGGER_GROUP`);

--
-- Chỉ mục cho bảng `qrtz_simprop_triggers`
--
ALTER TABLE `qrtz_simprop_triggers`
  ADD PRIMARY KEY (`SCHED_NAME`,`TRIGGER_NAME`,`TRIGGER_GROUP`);

--
-- Chỉ mục cho bảng `qrtz_triggers`
--
ALTER TABLE `qrtz_triggers`
  ADD PRIMARY KEY (`SCHED_NAME`,`TRIGGER_NAME`,`TRIGGER_GROUP`),
  ADD KEY `IDX_QRTZ_T_J` (`SCHED_NAME`,`JOB_NAME`,`JOB_GROUP`),
  ADD KEY `IDX_QRTZ_T_JG` (`SCHED_NAME`,`JOB_GROUP`),
  ADD KEY `IDX_QRTZ_T_C` (`SCHED_NAME`,`CALENDAR_NAME`),
  ADD KEY `IDX_QRTZ_T_G` (`SCHED_NAME`,`TRIGGER_GROUP`),
  ADD KEY `IDX_QRTZ_T_STATE` (`SCHED_NAME`,`TRIGGER_STATE`),
  ADD KEY `IDX_QRTZ_T_N_STATE` (`SCHED_NAME`,`TRIGGER_NAME`,`TRIGGER_GROUP`,`TRIGGER_STATE`),
  ADD KEY `IDX_QRTZ_T_N_G_STATE` (`SCHED_NAME`,`TRIGGER_GROUP`,`TRIGGER_STATE`),
  ADD KEY `IDX_QRTZ_T_NEXT_FIRE_TIME` (`SCHED_NAME`,`NEXT_FIRE_TIME`),
  ADD KEY `IDX_QRTZ_T_NFT_ST` (`SCHED_NAME`,`TRIGGER_STATE`,`NEXT_FIRE_TIME`),
  ADD KEY `IDX_QRTZ_T_NFT_MISFIRE` (`SCHED_NAME`,`MISFIRE_INSTR`,`NEXT_FIRE_TIME`),
  ADD KEY `IDX_QRTZ_T_NFT_ST_MISFIRE` (`SCHED_NAME`,`MISFIRE_INSTR`,`NEXT_FIRE_TIME`,`TRIGGER_STATE`),
  ADD KEY `IDX_QRTZ_T_NFT_ST_MISFIRE_GRP` (`SCHED_NAME`,`MISFIRE_INSTR`,`NEXT_FIRE_TIME`,`TRIGGER_GROUP`,`TRIGGER_STATE`);

--
-- Chỉ mục cho bảng `review`
--
ALTER TABLE `review`
  ADD PRIMARY KEY (`ID`),
  ADD UNIQUE KEY `ID_KhachHang` (`ID_KhachHang`,`ID_Phim`);

--
-- Chỉ mục cho bảng `suatchieu`
--
ALTER TABLE `suatchieu`
  ADD PRIMARY KEY (`ID`),
  ADD UNIQUE KEY `UNQ_ThoiGianChieu_PhongChieu` (`ID_PhongChieu`,`ThoiGianChieu`),
  ADD KEY `ID_Phim` (`ID_Phim`);

--
-- Chỉ mục cho bảng `taikhoan`
--
ALTER TABLE `taikhoan`
  ADD PRIMARY KEY (`ID`),
  ADD UNIQUE KEY `TenDangNhap` (`TenDangNhap`),
  ADD KEY `ID_PhanLoaiTaiKhoan` (`ID_PhanLoaiTaiKhoan`);

--
-- Chỉ mục cho bảng `theloaiphim`
--
ALTER TABLE `theloaiphim`
  ADD PRIMARY KEY (`ID`);

--
-- Chỉ mục cho bảng `voucher`
--
ALTER TABLE `voucher`
  ADD PRIMARY KEY (`ID`);

--
-- AUTO_INCREMENT cho các bảng đã đổ
--

--
-- AUTO_INCREMENT cho bảng `chitiethoadon`
--
ALTER TABLE `chitiethoadon`
  MODIFY `ID` int(11) NOT NULL AUTO_INCREMENT, AUTO_INCREMENT=111;

--
-- AUTO_INCREMENT cho bảng `danhsachhoanve`
--
ALTER TABLE `danhsachhoanve`
  MODIFY `ID` int(11) NOT NULL AUTO_INCREMENT, AUTO_INCREMENT=5;

--
-- AUTO_INCREMENT cho bảng `danhsachtlphim`
--
ALTER TABLE `danhsachtlphim`
  MODIFY `ID` int(11) NOT NULL AUTO_INCREMENT, AUTO_INCREMENT=38;

--
-- AUTO_INCREMENT cho bảng `dotuoi`
--
ALTER TABLE `dotuoi`
  MODIFY `ID` int(11) NOT NULL AUTO_INCREMENT, AUTO_INCREMENT=7;

--
-- AUTO_INCREMENT cho bảng `ghe`
--
ALTER TABLE `ghe`
  MODIFY `ID` int(11) NOT NULL AUTO_INCREMENT, AUTO_INCREMENT=181;

--
-- AUTO_INCREMENT cho bảng `gheandsuatchieu`
--
ALTER TABLE `gheandsuatchieu`
  MODIFY `ID` int(11) NOT NULL AUTO_INCREMENT, AUTO_INCREMENT=1081;

--
-- AUTO_INCREMENT cho bảng `hoadon`
--
ALTER TABLE `hoadon`
  MODIFY `ID` int(11) NOT NULL AUTO_INCREMENT, AUTO_INCREMENT=95;

--
-- AUTO_INCREMENT cho bảng `khachhang`
--
ALTER TABLE `khachhang`
  MODIFY `ID` int(11) NOT NULL AUTO_INCREMENT, AUTO_INCREMENT=7;

--
-- AUTO_INCREMENT cho bảng `khoqua`
--
ALTER TABLE `khoqua`
  MODIFY `ID` int(11) NOT NULL AUTO_INCREMENT, AUTO_INCREMENT=4;

--
-- AUTO_INCREMENT cho bảng `nhanvien`
--
ALTER TABLE `nhanvien`
  MODIFY `ID` int(11) NOT NULL AUTO_INCREMENT, AUTO_INCREMENT=8;

--
-- AUTO_INCREMENT cho bảng `phanloaichucvu`
--
ALTER TABLE `phanloaichucvu`
  MODIFY `ID` int(11) NOT NULL AUTO_INCREMENT, AUTO_INCREMENT=11;

--
-- AUTO_INCREMENT cho bảng `phanloaikhachhang`
--
ALTER TABLE `phanloaikhachhang`
  MODIFY `ID` int(11) NOT NULL AUTO_INCREMENT, AUTO_INCREMENT=11;

--
-- AUTO_INCREMENT cho bảng `phanloaitaikhoan`
--
ALTER TABLE `phanloaitaikhoan`
  MODIFY `ID` int(11) NOT NULL AUTO_INCREMENT, AUTO_INCREMENT=3;

--
-- AUTO_INCREMENT cho bảng `phim`
--
ALTER TABLE `phim`
  MODIFY `ID` int(11) NOT NULL AUTO_INCREMENT, AUTO_INCREMENT=46;

--
-- AUTO_INCREMENT cho bảng `phongchieu`
--
ALTER TABLE `phongchieu`
  MODIFY `ID` int(11) NOT NULL AUTO_INCREMENT, AUTO_INCREMENT=7;

--
-- AUTO_INCREMENT cho bảng `pttt`
--
ALTER TABLE `pttt`
  MODIFY `ID` int(11) NOT NULL AUTO_INCREMENT, AUTO_INCREMENT=6;

--
-- AUTO_INCREMENT cho bảng `review`
--
ALTER TABLE `review`
  MODIFY `ID` int(11) NOT NULL AUTO_INCREMENT, AUTO_INCREMENT=5;

--
-- AUTO_INCREMENT cho bảng `suatchieu`
--
ALTER TABLE `suatchieu`
  MODIFY `ID` int(11) NOT NULL AUTO_INCREMENT, AUTO_INCREMENT=30;

--
-- AUTO_INCREMENT cho bảng `taikhoan`
--
ALTER TABLE `taikhoan`
  MODIFY `ID` int(11) NOT NULL AUTO_INCREMENT, AUTO_INCREMENT=14;

--
-- AUTO_INCREMENT cho bảng `theloaiphim`
--
ALTER TABLE `theloaiphim`
  MODIFY `ID` int(11) NOT NULL AUTO_INCREMENT, AUTO_INCREMENT=13;

--
-- AUTO_INCREMENT cho bảng `voucher`
--
ALTER TABLE `voucher`
  MODIFY `ID` int(11) NOT NULL AUTO_INCREMENT, AUTO_INCREMENT=6;

--
-- Các ràng buộc cho các bảng đã đổ
--

--
-- Các ràng buộc cho bảng `chitiethoadon`
--
ALTER TABLE `chitiethoadon`
  ADD CONSTRAINT `chitiethoadon_ibfk_1` FOREIGN KEY (`ID_HoaDon`) REFERENCES `hoadon` (`ID`),
  ADD CONSTRAINT `chitiethoadon_ibfk_2` FOREIGN KEY (`ID_GheAndSuatChieu`) REFERENCES `gheandsuatchieu` (`ID`);

--
-- Các ràng buộc cho bảng `danhsachhoanve`
--
ALTER TABLE `danhsachhoanve`
  ADD CONSTRAINT `fk_danhsachhoanve_hoadon` FOREIGN KEY (`ID_HoaDon`) REFERENCES `hoadon` (`ID`);

--
-- Các ràng buộc cho bảng `ghe`
--
ALTER TABLE `ghe`
  ADD CONSTRAINT `ghe_ibfk_1` FOREIGN KEY (`ID_PhongChieu`) REFERENCES `phongchieu` (`ID`) ON DELETE CASCADE;
COMMIT;

/*!40101 SET CHARACTER_SET_CLIENT=@OLD_CHARACTER_SET_CLIENT */;
/*!40101 SET CHARACTER_SET_RESULTS=@OLD_CHARACTER_SET_RESULTS */;
/*!40101 SET COLLATION_CONNECTION=@OLD_COLLATION_CONNECTION */;
